"Date,Visitor,G,Home,G,,Att.,LOG,Notes"
"2006-10-04,Buffalo Sabres,3,Carolina Hurricanes,2,SO,,,"
"2006-10-04,Dallas Stars,3,Colorado Avalanche,2,OT,,,"
"2006-10-04,Ottawa Senators,4,Toronto Maple Leafs,1,,,,"
"2006-10-05,Tampa Bay Lightning,3,Atlanta Thrashers,2,SO,,,"
"2006-10-05,Vancouver Canucks,3,Detroit Red Wings,1,,,,"
"2006-10-05,Calgary Flames,1,Edmonton Oilers,3,,,,"
"2006-10-05,Colorado Avalanche,2,Minnesota Wild,3,OT,,,"
"2006-10-05,Chicago Blackhawks,8,Nashville Predators,6,,,,"
"2006-10-05,Washington Capitals,2,New York Rangers,5,,,,"
"2006-10-05,Toronto Maple Leafs,6,Ottawa Senators,0,,,,"
"2006-10-05,New York Islanders,3,Phoenix Coyotes,6,,,,"
"2006-10-05,Philadelphia Flyers,0,Pittsburgh Penguins,4,,,,"
"2006-10-05,St. Louis Blues,4,San Jose Sharks,5,OT,,,"
"2006-10-06,Los Angeles Kings,3,Anaheim Ducks,4,,,,"
"2006-10-06,Montreal Canadiens,4,Buffalo Sabres,5,SO,,,"
"2006-10-06,New Jersey Devils,4,Carolina Hurricanes,0,,,,"
"2006-10-06,Vancouver Canucks,3,Columbus Blue Jackets,2,OT,,,"
"2006-10-06,Boston Bruins,3,Florida Panthers,8,,,,"
"2006-10-07,Florida Panthers,0,Atlanta Thrashers,6,,,,"
"2006-10-07,Edmonton Oilers,1,Calgary Flames,2,,,,"
"2006-10-07,Columbus Blue Jackets,5,Chicago Blackhawks,4,,,,"
"2006-10-07,New Jersey Devils,1,Dallas Stars,3,,,,"
"2006-10-07,St. Louis Blues,1,Los Angeles Kings,4,,,,"
"2006-10-07,Nashville Predators,5,Minnesota Wild,6,,,,"
"2006-10-07,Buffalo Sabres,4,Ottawa Senators,3,,,,"
"2006-10-07,New York Rangers,5,Philadelphia Flyers,4,SO,,,"
"2006-10-07,Anaheim Ducks,2,Phoenix Coyotes,1,,,,"
"2006-10-07,Detroit Red Wings,2,Pittsburgh Penguins,0,,,,"
"2006-10-07,New York Islanders,0,San Jose Sharks,2,,,,"
"2006-10-07,Boston Bruins,3,Tampa Bay Lightning,2,,,,"
"2006-10-07,Montreal Canadiens,3,Toronto Maple Leafs,2,SO,,,"
"2006-10-07,Carolina Hurricanes,2,Washington Capitals,5,,,,"
"2006-10-08,Vancouver Canucks,2,Colorado Avalanche,3,,,,"
"2006-10-09,St. Louis Blues,0,Anaheim Ducks,2,,,,"
"2006-10-09,Phoenix Coyotes,1,Columbus Blue Jackets,5,,,,"
"2006-10-09,San Jose Sharks,4,Calgary Flames,1,,,,"
"2006-10-09,Atlanta Thrashers,1,Tampa Bay Lightning,0,,,,"
"2006-10-09,Florida Panthers,1,Toronto Maple Leafs,2,SO,,,"
"2006-10-10,New York Islanders,2,Los Angeles Kings,4,,,,"
"2006-10-10,Vancouver Canucks,1,Minnesota Wild,2,SO,,,"
"2006-10-10,Philadelphia Flyers,4,New York Rangers,2,,,,"
"2006-10-11,New York Islanders,5,Anaheim Ducks,4,SO,,,"
"2006-10-11,Boston Bruins,1,Atlanta Thrashers,4,,,,"
"2006-10-11,Phoenix Coyotes,2,Detroit Red Wings,9,,,,"
"2006-10-11,Carolina Hurricanes,3,Florida Panthers,6,,,,"
"2006-10-11,Montreal Canadiens,3,Philadelphia Flyers,1,,,,"
"2006-10-12,Nashville Predators,1,Chicago Blackhawks,3,,,,"
"2006-10-12,San Jose Sharks,4,Edmonton Oilers,6,,,,"
"2006-10-12,Dallas Stars,4,Los Angeles Kings,1,,,,"
"2006-10-12,Washington Capitals,2,Minnesota Wild,3,SO,,,"
"2006-10-12,Toronto Maple Leafs,6,New Jersey Devils,7,SO,,,"
"2006-10-12,Pittsburgh Penguins,6,New York Rangers,5,,,,"
"2006-10-12,Calgary Flames,1,Ottawa Senators,0,,,,"
"2006-10-12,Boston Bruins,2,St. Louis Blues,3,SO,,,"
"2006-10-13,Carolina Hurricanes,4,Atlanta Thrashers,3,,,,"
"2006-10-13,Buffalo Sabres,3,Detroit Red Wings,2,SO,,,"
"2006-10-13,Tampa Bay Lightning,2,Florida Panthers,3,,,,"
"2006-10-13,San Jose Sharks,6,Vancouver Canucks,4,,,,"
"2006-10-14,New York Rangers,4,Buffalo Sabres,7,,,,"
"2006-10-14,Edmonton Oilers,4,Colorado Avalanche,3,,,,"
"2006-10-14,Dallas Stars,4,Los Angeles Kings,1,,,,"
"2006-10-14,Columbus Blue Jackets,0,Minnesota Wild,5,,,,"
"2006-10-14,Ottawa Senators,3,Montreal Canadiens,2,SO,,,"
"2006-10-14,Philadelphia Flyers,2,New Jersey Devils,3,,,,"
"2006-10-14,Phoenix Coyotes,1,Nashville Predators,4,,,,"
"2006-10-14,Boston Bruins,1,New York Islanders,4,,,,"
"2006-10-14,Carolina Hurricanes,5,Pittsburgh Penguins,1,,,,"
"2006-10-14,Chicago Blackhawks,3,St. Louis Blues,4,,,,"
"2006-10-14,Florida Panthers,1,Tampa Bay Lightning,4,,,,"
"2006-10-14,Calgary Flames,4,Toronto Maple Leafs,5,OT,,,"
"2006-10-14,Atlanta Thrashers,4,Washington Capitals,3,OT,,,"
"2006-10-15,Dallas Stars,4,Anaheim Ducks,3,SO,,,"
"2006-10-16,Chicago Blackhawks,5,Colorado Avalanche,3,,,,"
"2006-10-16,Detroit Red Wings,3,Los Angeles Kings,1,,,,"
"2006-10-16,Nashville Predators,2,New York Islanders,1,SO,,,"
"2006-10-16,New Jersey Devils,2,New York Rangers,4,,,,"
"2006-10-16,Carolina Hurricanes,5,Tampa Bay Lightning,1,,,,"
"2006-10-16,Edmonton Oilers,1,Vancouver Canucks,2,,,,"
"2006-10-17,Philadelphia Flyers,1,Buffalo Sabres,9,,,,"
"2006-10-17,Vancouver Canucks,1,Edmonton Oilers,2,,,,"
"2006-10-17,Calgary Flames,4,Montreal Canadiens,5,,,,"
"2006-10-17,Dallas Stars,0,San Jose Sharks,2,,,,"
"2006-10-17,Phoenix Coyotes,5,St. Louis Blues,2,,,,"
"2006-10-18,Detroit Red Wings,1,Anaheim Ducks,4,,,,"
"2006-10-18,Montreal Canadiens,1,Chicago Blackhawks,2,,,,"
"2006-10-18,Minnesota Wild,2,Los Angeles Kings,1,OT,,,"
"2006-10-18,Nashville Predators,3,New York Rangers,0,,,,"
"2006-10-18,New Jersey Devils,2,Pittsburgh Penguins,1,,,,"
"2006-10-18,Colorado Avalanche,4,Toronto Maple Leafs,1,,,,"
"2006-10-18,Florida Panthers,2,Washington Capitals,5,,,,"
"2006-10-19,Washington Capitals,3,Atlanta Thrashers,4,SO,,,"
"2006-10-19,Calgary Flames,2,Boston Bruins,3,,,,"
"2006-10-19,Nashville Predators,4,New Jersey Devils,3,SO,,,"
"2006-10-19,Pittsburgh Penguins,4,New York Islanders,3,OT,,,"
"2006-10-19,Colorado Avalanche,2,Ottawa Senators,1,,,,"
"2006-10-19,Los Angeles Kings,4,Phoenix Coyotes,0,,,,"
"2006-10-19,Detroit Red Wings,1,San Jose Sharks,5,,,,"
"2006-10-19,Philadelphia Flyers,1,Tampa Bay Lightning,4,,,,"
"2006-10-20,Minnesota Wild,1,Anaheim Ducks,2,,,,"
"2006-10-20,Carolina Hurricanes,4,Buffalo Sabres,5,,,,"
"2006-10-20,Toronto Maple Leafs,4,Columbus Blue Jackets,2,,,,"
"2006-10-20,Chicago Blackhawks,4,Dallas Stars,5,,,,"
"2006-10-20,Philadelphia Flyers,2,Florida Panthers,3,,,,"
"2006-10-20,Vancouver Canucks,3,St. Louis Blues,2,OT,,,"
"2006-10-21,Florida Panthers,2,Atlanta Thrashers,4,,,,"
"2006-10-21,Buffalo Sabres,6,Boston Bruins,2,,,,"
"2006-10-21,St. Louis Blues,4,Chicago Blackhawks,3,,,,"
"2006-10-21,Detroit Red Wings,1,Edmonton Oilers,3,,,,"
"2006-10-21,Colorado Avalanche,5,Montreal Canadiens,8,,,,"
"2006-10-21,Vancouver Canucks,4,Nashville Predators,3,OT,,,"
"2006-10-21,Carolina Hurricanes,3,New York Islanders,4,OT,,,"
"2006-10-21,New Jersey Devils,1,Ottawa Senators,8,,,,"
"2006-10-21,Dallas Stars,4,Phoenix Coyotes,0,,,,"
"2006-10-21,Columbus Blue Jackets,3,Pittsburgh Penguins,5,,,,"
"2006-10-21,Minnesota Wild,4,San Jose Sharks,1,,,,"
"2006-10-21,New York Rangers,5,Toronto Maple Leafs,4,SO,,,"
"2006-10-21,Tampa Bay Lightning,6,Washington Capitals,4,,,,"
"2006-10-22,Anaheim Ducks,3,Los Angeles Kings,2,SO,,,"
"2006-10-23,San Jose Sharks,3,Columbus Blue Jackets,0,,,,"
"2006-10-23,Los Angeles Kings,1,Colorado Avalanche,6,,,,"
"2006-10-23,Vancouver Canucks,1,Dallas Stars,2,,,,"
"2006-10-23,Phoenix Coyotes,2,Edmonton Oilers,5,,,,"
"2006-10-23,Atlanta Thrashers,6,Florida Panthers,3,,,,"
"2006-10-23,Buffalo Sabres,4,Montreal Canadiens,1,,,,"
"2006-10-24,Phoenix Coyotes,1,Calgary Flames,6,,,,"
"2006-10-24,New Jersey Devils,2,Pittsburgh Penguins,4,,,,"
"2006-10-24,Ottawa Senators,6,Toronto Maple Leafs,2,,,,"
"2006-10-25,Edmonton Oilers,2,Anaheim Ducks,6,,,,"
"2006-10-25,Atlanta Thrashers,4,Carolina Hurricanes,5,OT,,,"
"2006-10-25,Vancouver Canucks,5,Chicago Blackhawks,0,,,,"
"2006-10-25,Washington Capitals,5,Colorado Avalanche,3,,,,"
"2006-10-25,San Jose Sharks,1,Detroit Red Wings,2,,,,"
"2006-10-25,Los Angeles Kings,1,Minnesota Wild,3,,,,"
"2006-10-25,Florida Panthers,4,New York Rangers,2,,,,"
"2006-10-26,Montreal Canadiens,3,Boston Bruins,2,,,,"
"2006-10-26,Florida Panthers,0,New Jersey Devils,2,,,,"
"2006-10-26,San Jose Sharks,3,Nashville Predators,4,,,,"
"2006-10-26,Buffalo Sabres,3,New York Islanders,0,,,,"
"2006-10-26,Toronto Maple Leafs,2,Ottawa Senators,7,,,,"
"2006-10-26,Atlanta Thrashers,2,Philadelphia Flyers,3,SO,,,"
"2006-10-26,Edmonton Oilers,2,Phoenix Coyotes,6,,,,"
"2006-10-26,Carolina Hurricanes,1,Tampa Bay Lightning,5,,,,"
"2006-10-27,Los Angeles Kings,0,Columbus Blue Jackets,2,,,,"
"2006-10-27,Detroit Red Wings,4,Dallas Stars,3,,,,"
"2006-10-27,Anaheim Ducks,2,Minnesota Wild,3,SO,,,"
"2006-10-27,Washington Capitals,2,Vancouver Canucks,3,SO,,,"
"2006-10-28,Ottawa Senators,1,Boston Bruins,2,,,,"
"2006-10-28,Atlanta Thrashers,5,Buffalo Sabres,4,SO,,,"
"2006-10-28,Tampa Bay Lightning,4,Carolina Hurricanes,6,,,,"
"2006-10-28,Nashville Predators,3,Calgary Flames,2,,,,"
"2006-10-28,Anaheim Ducks,3,Chicago Blackhawks,0,,,,"
"2006-10-28,Los Angeles Kings,2,Dallas Stars,3,,,,"
"2006-10-28,Washington Capitals,0,Edmonton Oilers,4,,,,"
"2006-10-28,Toronto Maple Leafs,5,Montreal Canadiens,4,SO,,,"
"2006-10-28,Columbus Blue Jackets,0,New Jersey Devils,1,,,,"
"2006-10-28,Florida Panthers,3,New York Islanders,4,SO,,,"
"2006-10-28,Pittsburgh Penguins,8,Philadelphia Flyers,2,,,,"
"2006-10-28,New York Rangers,7,Phoenix Coyotes,3,,,,"
"2006-10-28,Detroit Red Wings,3,St. Louis Blues,2,,,,"
"2006-10-29,Minnesota Wild,1,Colorado Avalanche,4,,,,"
"2006-10-29,San Jose Sharks,4,Tampa Bay Lightning,2,,,,"
"2006-10-30,Washington Capitals,4,Calgary Flames,2,,,,"
"2006-10-30,New York Rangers,1,Los Angeles Kings,4,,,,"
"2006-10-30,Chicago Blackhawks,0,Philadelphia Flyers,3,,,,"
"2006-10-30,Anaheim Ducks,6,St. Louis Blues,5,SO,,,"
"2006-10-30,Atlanta Thrashers,2,Toronto Maple Leafs,4,,,,"
"2006-10-31,San Jose Sharks,2,Florida Panthers,1,,,,"
"2006-10-31,Ottawa Senators,2,Montreal Canadiens,4,,,,"
"2006-10-31,Chicago Blackhawks,2,New York Islanders,5,,,,"
"2006-10-31,Nashville Predators,3,Vancouver Canucks,2,,,,"
"2006-11-01,New York Rangers,4,Anaheim Ducks,3,OT,,,"
"2006-11-01,Carolina Hurricanes,5,Atlanta Thrashers,2,,,,"
"2006-11-01,Colorado Avalanche,5,Columbus Blue Jackets,3,,,,"
"2006-11-01,St. Louis Blues,1,Dallas Stars,4,,,,"
"2006-11-01,Calgary Flames,2,Detroit Red Wings,3,,,,"
"2006-11-01,Nashville Predators,5,Edmonton Oilers,3,,,,"
"2006-11-01,Pittsburgh Penguins,4,Los Angeles Kings,3,OT,,,"
"2006-11-01,Toronto Maple Leafs,4,Tampa Bay Lightning,2,,,,"
"2006-11-02,Buffalo Sabres,5,Boston Bruins,4,SO,,,"
"2006-11-02,Montreal Canadiens,4,Carolina Hurricanes,0,,,,"
"2006-11-02,Detroit Red Wings,2,Chicago Blackhawks,1,,,,"
"2006-11-02,Toronto Maple Leafs,2,Florida Panthers,4,,,,"
"2006-11-02,Vancouver Canucks,2,Minnesota Wild,5,,,,"
"2006-11-02,New York Islanders,5,New Jersey Devils,2,,,,"
"2006-11-02,Tampa Bay Lightning,5,Philadelphia Flyers,2,,,,"
"2006-11-02,New York Rangers,3,San Jose Sharks,1,,,,"
"2006-11-02,Colorado Avalanche,1,St. Louis Blues,4,,,,"
"2006-11-03,Phoenix Coyotes,2,Anaheim Ducks,6,,,,"
"2006-11-03,Calgary Flames,4,Columbus Blue Jackets,5,SO,,,"
"2006-11-03,Dallas Stars,3,Edmonton Oilers,2,,,,"
"2006-11-03,Atlanta Thrashers,4,Washington Capitals,3,,,,"
"2006-11-04,Tampa Bay Lightning,5,Boston Bruins,6,OT,,,"
"2006-11-04,Toronto Maple Leafs,4,Buffalo Sabres,1,,,,"
"2006-11-04,Vancouver Canucks,2,Colorado Avalanche,3,,,,"
"2006-11-04,Columbus Blue Jackets,1,Detroit Red Wings,4,,,,"
"2006-11-04,Nashville Predators,4,Minnesota Wild,3,,,,"
"2006-11-04,New Jersey Devils,2,Montreal Canadiens,1,,,,"
"2006-11-04,Atlanta Thrashers,4,New York Islanders,1,,,,"
"2006-11-04,Carolina Hurricanes,3,Ottawa Senators,2,,,,"
"2006-11-04,Washington Capitals,5,Philadelphia Flyers,3,,,,"
"2006-11-04,Los Angeles Kings,4,Phoenix Coyotes,6,,,,"
"2006-11-04,Pittsburgh Penguins,2,San Jose Sharks,3,,,,"
"2006-11-04,Calgary Flames,3,St. Louis Blues,2,,,,"
"2006-11-05,Buffalo Sabres,4,New York Rangers,3,OT,,,"
"2006-11-06,Pittsburgh Penguins,2,Anaheim Ducks,3,OT,,,"
"2006-11-06,Boston Bruins,3,Atlanta Thrashers,5,,,,"
"2006-11-06,Tampa Bay Lightning,5,New York Islanders,1,,,,"
"2006-11-06,Philadelphia Flyers,1,Toronto Maple Leafs,4,,,,"
"2006-11-06,Dallas Stars,1,Vancouver Canucks,2,,,,"
"2006-11-06,Ottawa Senators,3,Washington Capitals,4,OT,,,"
"2006-11-07,Dallas Stars,1,Calgary Flames,3,,,,"
"2006-11-07,Los Angeles Kings,6,Colorado Avalanche,5,,,,"
"2006-11-07,Edmonton Oilers,2,Montreal Canadiens,3,SO,,,"
"2006-11-07,Carolina Hurricanes,2,New Jersey Devils,3,SO,,,"
"2006-11-07,Minnesota Wild,1,San Jose Sharks,3,,,,"
"2006-11-08,Ottawa Senators,4,Atlanta Thrashers,5,,,,"
"2006-11-08,Edmonton Oilers,0,Detroit Red Wings,3,,,,"
"2006-11-08,New York Rangers,4,Florida Panthers,3,SO,,,"
"2006-11-08,Tampa Bay Lightning,4,Pittsburgh Penguins,3,OT,,,"
"2006-11-09,Toronto Maple Leafs,6,Boston Bruins,4,,,,"
"2006-11-09,Washington Capitals,0,Carolina Hurricanes,5,,,,"
"2006-11-09,San Jose Sharks,7,Los Angeles Kings,3,,,,"
"2006-11-09,Chicago Blackhawks,1,New Jersey Devils,2,SO,,,"
"2006-11-09,New York Islanders,3,Philadelphia Flyers,1,,,,"
"2006-11-09,Dallas Stars,1,Phoenix Coyotes,0,,,,"
"2006-11-09,Columbus Blue Jackets,4,St. Louis Blues,2,,,,"
"2006-11-09,Anaheim Ducks,6,Vancouver Canucks,0,,,,"
"2006-11-10,New York Rangers,5,Atlanta Thrashers,2,,,,"
"2006-11-10,Florida Panthers,4,Buffalo Sabres,5,OT,,,"
"2006-11-10,Edmonton Oilers,4,Columbus Blue Jackets,1,,,,"
"2006-11-10,Anaheim Ducks,0,Calgary Flames,3,,,,"
"2006-11-10,St. Louis Blues,1,Chicago Blackhawks,3,,,,"
"2006-11-10,Nashville Predators,0,Detroit Red Wings,3,,,,"
"2006-11-10,Ottawa Senators,6,Pittsburgh Penguins,3,,,,"
"2006-11-11,Ottawa Senators,3,Boston Bruins,4,,,,"
"2006-11-11,Pittsburgh Penguins,2,Carolina Hurricanes,6,,,,"
"2006-11-11,Minnesota Wild,3,Los Angeles Kings,2,SO,,,"
"2006-11-11,Florida Panthers,2,New Jersey Devils,4,,,,"
"2006-11-11,Colorado Avalanche,0,Nashville Predators,1,,,,"
"2006-11-11,Buffalo Sabres,5,Philadelphia Flyers,4,OT,,,"
"2006-11-11,San Jose Sharks,2,Phoenix Coyotes,1,,,,"
"2006-11-11,Atlanta Thrashers,3,Tampa Bay Lightning,5,,,,"
"2006-11-11,Montreal Canadiens,1,Toronto Maple Leafs,5,,,,"
"2006-11-11,Calgary Flames,3,Vancouver Canucks,2,,,,"
"2006-11-11,New York Rangers,1,Washington Capitals,3,,,,"
"2006-11-12,Minnesota Wild,2,Anaheim Ducks,3,,,,"
"2006-11-12,Columbus Blue Jackets,0,Chicago Blackhawks,1,,,,"
"2006-11-12,Edmonton Oilers,3,St. Louis Blues,5,,,,"
"2006-11-13,Buffalo Sabres,7,Carolina Hurricanes,4,,,,"
"2006-11-13,Edmonton Oilers,2,Colorado Avalanche,1,,,,"
"2006-11-13,Washington Capitals,4,Florida Panthers,1,,,,"
"2006-11-13,San Jose Sharks,2,Los Angeles Kings,4,,,,"
"2006-11-13,Montreal Canadiens,6,Ottawa Senators,3,,,,"
"2006-11-13,Philadelphia Flyers,2,Pittsburgh Penguins,3,,,,"
"2006-11-14,St. Louis Blues,0,Calgary Flames,3,,,,"
"2006-11-14,New Jersey Devils,2,New York Rangers,3,,,,"
"2006-11-14,Minnesota Wild,3,Phoenix Coyotes,4,,,,"
"2006-11-14,Detroit Red Wings,3,Vancouver Canucks,2,,,,"
"2006-11-15,Philadelphia Flyers,7,Anaheim Ducks,4,,,,"
"2006-11-15,Ottawa Senators,4,Buffalo Sabres,2,,,,"
"2006-11-15,New York Rangers,1,Carolina Hurricanes,2,,,,"
"2006-11-15,Nashville Predators,5,Columbus Blue Jackets,4,,,,"
"2006-11-15,San Jose Sharks,4,Colorado Avalanche,3,,,,"
"2006-11-15,New York Islanders,3,Dallas Stars,0,,,,"
"2006-11-15,Montreal Canadiens,3,Tampa Bay Lightning,1,,,,"
"2006-11-15,Boston Bruins,3,Washington Capitals,2,SO,,,"
"2006-11-16,Toronto Maple Leafs,1,Boston Bruins,2,OT,,,"
"2006-11-16,St. Louis Blues,2,Edmonton Oilers,6,,,,"
"2006-11-16,Montreal Canadiens,1,Florida Panthers,5,,,,"
"2006-11-16,Philadelphia Flyers,4,Los Angeles Kings,3,,,,"
"2006-11-16,Minnesota Wild,7,Nashville Predators,6,SO,,,"
"2006-11-16,Chicago Blackhawks,2,Phoenix Coyotes,3,SO,,,"
"2006-11-17,Chicago Blackhawks,4,Anaheim Ducks,3,SO,,,"
"2006-11-17,Dallas Stars,5,Atlanta Thrashers,3,,,,"
"2006-11-17,Pittsburgh Penguins,2,Buffalo Sabres,4,,,,"
"2006-11-17,Colorado Avalanche,3,Columbus Blue Jackets,0,,,,"
"2006-11-17,Detroit Red Wings,1,Calgary Flames,4,,,,"
"2006-11-17,Ottawa Senators,2,New Jersey Devils,3,,,,"
"2006-11-17,New York Islanders,2,Tampa Bay Lightning,3,SO,,,"
"2006-11-17,St. Louis Blues,2,Vancouver Canucks,4,,,,"
"2006-11-17,Carolina Hurricanes,4,Washington Capitals,1,,,,"
"2006-11-18,Washington Capitals,2,Boston Bruins,3,OT,,,"
"2006-11-18,Dallas Stars,4,Carolina Hurricanes,5,,,,"
"2006-11-18,Detroit Red Wings,3,Edmonton Oilers,4,SO,,,"
"2006-11-18,New York Islanders,4,Florida Panthers,1,,,,"
"2006-11-18,Phoenix Coyotes,3,Los Angeles Kings,5,,,,"
"2006-11-18,Colorado Avalanche,2,Minnesota Wild,1,SO,,,"
"2006-11-18,Atlanta Thrashers,1,Montreal Canadiens,3,,,,"
"2006-11-18,Columbus Blue Jackets,2,Nashville Predators,4,,,,"
"2006-11-18,Buffalo Sabres,1,Ottawa Senators,4,,,,"
"2006-11-18,New York Rangers,1,Pittsburgh Penguins,3,,,,"
"2006-11-18,Philadelphia Flyers,1,San Jose Sharks,6,,,,"
"2006-11-18,New Jersey Devils,2,Toronto Maple Leafs,1,,,,"
"2006-11-19,Phoenix Coyotes,4,Anaheim Ducks,6,,,,"
"2006-11-19,Tampa Bay Lightning,1,New York Rangers,4,,,,"
"2006-11-19,Chicago Blackhawks,1,Vancouver Canucks,2,,,,"
"2006-11-20,Florida Panthers,3,Boston Bruins,2,,,,"
"2006-11-20,Tampa Bay Lightning,2,Buffalo Sabres,7,,,,"
"2006-11-20,Nashville Predators,3,Columbus Blue Jackets,1,,,,"
"2006-11-20,Colorado Avalanche,4,Dallas Stars,5,,,,"
"2006-11-20,Minnesota Wild,3,Ottawa Senators,5,,,,"
"2006-11-20,Pittsburgh Penguins,5,Philadelphia Flyers,3,,,,"
"2006-11-20,New York Islanders,2,Toronto Maple Leafs,4,,,,"
"2006-11-21,San Jose Sharks,0,Anaheim Ducks,5,,,,"
"2006-11-21,Calgary Flames,1,Edmonton Oilers,2,,,,"
"2006-11-21,Carolina Hurricanes,0,New York Rangers,4,,,,"
"2006-11-22,Toronto Maple Leafs,4,Buffalo Sabres,7,,,,"
"2006-11-22,St. Louis Blues,4,Columbus Blue Jackets,3,SO,,,"
"2006-11-22,Chicago Blackhawks,1,Calgary Flames,4,,,,"
"2006-11-22,Anaheim Ducks,2,Colorado Avalanche,3,SO,,,"
"2006-11-22,Nashville Predators,0,Dallas Stars,1,,,,"
"2006-11-22,Vancouver Canucks,4,Detroit Red Wings,3,OT,,,"
"2006-11-22,Tampa Bay Lightning,6,Florida Panthers,4,,,,"
"2006-11-22,Minnesota Wild,2,Montreal Canadiens,4,,,,"
"2006-11-22,Carolina Hurricanes,2,New York Islanders,4,,,,"
"2006-11-22,Ottawa Senators,3,Philadelphia Flyers,2,OT,,,"
"2006-11-22,New Jersey Devils,1,Phoenix Coyotes,3,,,,"
"2006-11-22,Boston Bruins,4,Pittsburgh Penguins,3,SO,,,"
"2006-11-22,Los Angeles Kings,3,San Jose Sharks,6,,,,"
"2006-11-22,Atlanta Thrashers,4,Washington Capitals,2,,,,"
"2006-11-23,Vancouver Canucks,0,Nashville Predators,6,,,,"
"2006-11-24,New Jersey Devils,2,Anaheim Ducks,4,,,,"
"2006-11-24,Carolina Hurricanes,5,Boston Bruins,1,,,,"
"2006-11-24,Montreal Canadiens,2,Buffalo Sabres,1,OT,,,"
"2006-11-24,Los Angeles Kings,3,Dallas Stars,5,,,,"
"2006-11-24,St. Louis Blues,3,Detroit Red Wings,2,SO,,,"
"2006-11-24,Chicago Blackhawks,1,Edmonton Oilers,5,,,,"
"2006-11-24,Ottawa Senators,6,Florida Panthers,4,,,,"
"2006-11-24,Phoenix Coyotes,0,Minnesota Wild,4,,,,"
"2006-11-24,Pittsburgh Penguins,1,New York Islanders,3,,,,"
"2006-11-24,Columbus Blue Jackets,2,Philadelphia Flyers,3,,,,"
"2006-11-24,Atlanta Thrashers,2,Tampa Bay Lightning,3,OT,,,"
"2006-11-24,Toronto Maple Leafs,7,Washington Capitals,1,,,,"
"2006-11-25,Florida Panthers,0,Atlanta Thrashers,1,,,,"
"2006-11-25,Minnesota Wild,3,Columbus Blue Jackets,5,,,,"
"2006-11-25,Vancouver Canucks,1,Colorado Avalanche,4,,,,"
"2006-11-25,Calgary Flames,1,Los Angeles Kings,3,,,,"
"2006-11-25,Philadelphia Flyers,4,Montreal Canadiens,2,,,,"
"2006-11-25,Detroit Red Wings,2,Nashville Predators,6,,,,"
"2006-11-25,Washington Capitals,1,New York Islanders,4,,,,"
"2006-11-25,New York Rangers,2,Pittsburgh Penguins,1,OT,,,"
"2006-11-25,New Jersey Devils,0,San Jose Sharks,2,,,,"
"2006-11-25,Phoenix Coyotes,2,St. Louis Blues,1,,,,"
"2006-11-25,Boston Bruins,3,Toronto Maple Leafs,1,,,,"
"2006-11-26,Calgary Flames,3,Anaheim Ducks,5,,,,"
"2006-11-26,Buffalo Sabres,3,New York Rangers,2,OT,,,"
"2006-11-26,Ottawa Senators,1,Tampa Bay Lightning,3,,,,"
"2006-11-27,Dallas Stars,1,Detroit Red Wings,2,,,,"
"2006-11-27,New Jersey Devils,2,Los Angeles Kings,3,SO,,,"
"2006-11-28,Ottawa Senators,4,Carolina Hurricanes,1,,,,"
"2006-11-28,Colorado Avalanche,2,Calgary Flames,5,,,,"
"2006-11-28,Anaheim Ducks,3,Edmonton Oilers,2,OT,,,"
"2006-11-28,Florida Panthers,0,Montreal Canadiens,1,SO,,,"
"2006-11-28,Atlanta Thrashers,5,New York Rangers,4,OT,,,"
"2006-11-28,New York Islanders,2,Pittsburgh Penguins,3,,,,"
"2006-11-28,San Jose Sharks,2,St. Louis Blues,0,,,,"
"2006-11-28,Washington Capitals,5,Tampa Bay Lightning,2,,,,"
"2006-11-28,Boston Bruins,4,Toronto Maple Leafs,1,,,,"
"2006-11-28,Columbus Blue Jackets,0,Vancouver Canucks,1,,,,"
"2006-11-29,Dallas Stars,1,Chicago Blackhawks,2,,,,"
"2006-11-29,San Jose Sharks,2,Minnesota Wild,1,,,,"
"2006-11-29,Nashville Predators,3,Philadelphia Flyers,2,,,,"
"2006-11-30,Toronto Maple Leafs,0,Atlanta Thrashers,5,,,,"
"2006-11-30,Tampa Bay Lightning,3,Boston Bruins,4,SO,,,"
"2006-11-30,Montreal Canadiens,2,Carolina Hurricanes,4,,,,"
"2006-11-30,Colorado Avalanche,7,Edmonton Oilers,3,,,,"
"2006-11-30,Philadelphia Flyers,3,New York Islanders,2,,,,"
"2006-11-30,Florida Panthers,0,Ottawa Senators,6,,,,"
"2006-11-30,Los Angeles Kings,4,Phoenix Coyotes,7,,,,"
"2006-11-30,Nashville Predators,5,St. Louis Blues,4,,,,"
"2006-11-30,Anaheim Ducks,2,Vancouver Canucks,1,,,,"
"2006-11-30,Dallas Stars,3,Washington Capitals,4,,,,"
"2006-12-01,New York Rangers,3,Buffalo Sabres,4,SO,,,"
"2006-12-01,Columbus Blue Jackets,1,Calgary Flames,2,,,,"
"2006-12-01,St. Louis Blues,2,Chicago Blackhawks,5,,,,"
"2006-12-01,Detroit Red Wings,3,Minnesota Wild,0,,,,"
"2006-12-01,Pittsburgh Penguins,2,New Jersey Devils,5,,,,"
"2006-12-02,Boston Bruins,2,Carolina Hurricanes,5,,,,"
"2006-12-02,Minnesota Wild,3,Dallas Stars,4,SO,,,"
"2006-12-02,San Jose Sharks,3,Detroit Red Wings,2,,,,"
"2006-12-02,Columbus Blue Jackets,4,Edmonton Oilers,0,,,,"
"2006-12-02,Atlanta Thrashers,3,Florida Panthers,1,,,,"
"2006-12-02,Anaheim Ducks,4,Los Angeles Kings,3,,,,"
"2006-12-02,Toronto Maple Leafs,3,Montreal Canadiens,4,SO,,,"
"2006-12-02,Chicago Blackhawks,4,Nashville Predators,3,OT,,,"
"2006-12-02,Tampa Bay Lightning,2,Ottawa Senators,5,,,,"
"2006-12-02,New Jersey Devils,4,Philadelphia Flyers,3,SO,,,"
"2006-12-02,New York Islanders,5,Pittsburgh Penguins,3,,,,"
"2006-12-02,Colorado Avalanche,1,Vancouver Canucks,2,,,,"
"2006-12-02,Buffalo Sabres,4,Washington Capitals,7,,,,"
"2006-12-03,Los Angeles Kings,3,Anaheim Ducks,2,,,,"
"2006-12-03,New York Islanders,7,New York Rangers,4,,,,"
"2006-12-04,San Jose Sharks,0,Dallas Stars,1,,,,"
"2006-12-04,Boston Bruins,6,Montreal Canadiens,5,,,,"
"2006-12-04,Nashville Predators,2,Phoenix Coyotes,3,,,,"
"2006-12-04,Edmonton Oilers,4,Vancouver Canucks,0,,,,"
"2006-12-05,Carolina Hurricanes,0,Calgary Flames,3,,,,"
"2006-12-05,Columbus Blue Jackets,3,Colorado Avalanche,0,,,,"
"2006-12-05,Chicago Blackhawks,2,Minnesota Wild,3,SO,,,"
"2006-12-05,Ottawa Senators,4,New York Islanders,2,,,,"
"2006-12-05,Florida Panthers,3,Pittsburgh Penguins,2,,,,"
"2006-12-05,Detroit Red Wings,5,St. Louis Blues,1,,,,"
"2006-12-05,Buffalo Sabres,4,Tampa Bay Lightning,1,,,,"
"2006-12-05,Atlanta Thrashers,5,Toronto Maple Leafs,2,,,,"
"2006-12-06,Nashville Predators,0,Anaheim Ducks,4,,,,"
"2006-12-06,Phoenix Coyotes,0,Dallas Stars,3,,,,"
"2006-12-06,Carolina Hurricanes,1,Edmonton Oilers,3,,,,"
"2006-12-06,Montreal Canadiens,1,New Jersey Devils,2,OT,,,"
"2006-12-06,Ottawa Senators,2,Washington Capitals,6,,,,"
"2006-12-07,Toronto Maple Leafs,1,Boston Bruins,3,,,,"
"2006-12-07,Phoenix Coyotes,2,Chicago Blackhawks,1,SO,,,"
"2006-12-07,St. Louis Blues,3,Detroit Red Wings,4,OT,,,"
"2006-12-07,Buffalo Sabres,1,Florida Panthers,3,,,,"
"2006-12-07,Nashville Predators,4,Los Angeles Kings,1,,,,"
"2006-12-07,Calgary Flames,2,Minnesota Wild,3,SO,,,"
"2006-12-07,Montreal Canadiens,4,New York Islanders,2,,,,"
"2006-12-07,Pittsburgh Penguins,2,New York Rangers,3,SO,,,"
"2006-12-07,Colorado Avalanche,5,San Jose Sharks,2,,,,"
"2006-12-07,Atlanta Thrashers,0,Tampa Bay Lightning,8,,,,"
"2006-12-08,Edmonton Oilers,2,Dallas Stars,0,,,,"
"2006-12-08,Philadelphia Flyers,0,New Jersey Devils,2,,,,"
"2006-12-08,Carolina Hurricanes,3,Vancouver Canucks,4,OT,,,"
"2006-12-08,Anaheim Ducks,6,Washington Capitals,1,,,,"
"2006-12-09,Pittsburgh Penguins,4,Atlanta Thrashers,3,OT,,,"
"2006-12-09,New Jersey Devils,5,Boston Bruins,1,,,,"
"2006-12-09,Vancouver Canucks,3,Calgary Flames,5,,,,"
"2006-12-09,Toronto Maple Leafs,1,Detroit Red Wings,5,,,,"
"2006-12-09,Colorado Avalanche,4,Los Angeles Kings,5,,,,"
"2006-12-09,Chicago Blackhawks,4,Minnesota Wild,5,OT,,,"
"2006-12-09,Buffalo Sabres,3,Montreal Canadiens,2,SO,,,"
"2006-12-09,Florida Panthers,4,New York Islanders,5,SO,,,"
"2006-12-09,New York Rangers,3,Ottawa Senators,1,,,,"
"2006-12-09,Washington Capitals,5,Philadelphia Flyers,3,,,,"
"2006-12-09,Dallas Stars,4,Phoenix Coyotes,3,OT,,,"
"2006-12-09,Nashville Predators,1,San Jose Sharks,3,,,,"
"2006-12-09,Columbus Blue Jackets,5,St. Louis Blues,1,,,,"
"2006-12-09,Anaheim Ducks,4,Tampa Bay Lightning,3,,,,"
"2006-12-10,Ottawa Senators,2,Columbus Blue Jackets,6,,,,"
"2006-12-10,Edmonton Oilers,1,Chicago Blackhawks,4,,,,"
"2006-12-10,Florida Panthers,1,New York Rangers,2,,,,"
"2006-12-11,Carolina Hurricanes,2,Colorado Avalanche,5,,,,"
"2006-12-11,Phoenix Coyotes,0,San Jose Sharks,4,,,,"
"2006-12-11,Pittsburgh Penguins,5,Washington Capitals,4,SO,,,"
"2006-12-12,Minnesota Wild,2,Calgary Flames,5,,,,"
"2006-12-12,Columbus Blue Jackets,3,Dallas Stars,1,,,,"
"2006-12-12,Ottawa Senators,3,Detroit Red Wings,2,,,,"
"2006-12-12,Anaheim Ducks,5,Florida Panthers,4,,,,"
"2006-12-12,San Jose Sharks,3,Los Angeles Kings,1,,,,"
"2006-12-12,Boston Bruins,3,Montreal Canadiens,4,,,,"
"2006-12-12,Buffalo Sabres,3,New Jersey Devils,2,,,,"
"2006-12-12,Edmonton Oilers,2,Nashville Predators,3,,,,"
"2006-12-12,New York Rangers,3,Philadelphia Flyers,1,,,,"
"2006-12-12,Chicago Blackhawks,3,St. Louis Blues,2,,,,"
"2006-12-12,Tampa Bay Lightning,4,Toronto Maple Leafs,5,,,,"
"2006-12-12,Phoenix Coyotes,2,Vancouver Canucks,5,,,,"
"2006-12-13,Anaheim Ducks,2,Atlanta Thrashers,1,,,,"
"2006-12-13,St. Louis Blues,1,Colorado Avalanche,4,,,,"
"2006-12-13,Philadelphia Flyers,4,Pittsburgh Penguins,8,,,,"
"2006-12-14,New Jersey Devils,3,Boston Bruins,5,,,,"
"2006-12-14,Florida Panthers,1,Buffalo Sabres,2,,,,"
"2006-12-14,Detroit Red Wings,3,Chicago Blackhawks,2,,,,"
"2006-12-14,New York Rangers,5,Dallas Stars,2,,,,"
"2006-12-14,Minnesota Wild,1,Edmonton Oilers,3,,,,"
"2006-12-14,Tampa Bay Lightning,2,Montreal Canadiens,4,,,,"
"2006-12-14,Ottawa Senators,0,Nashville Predators,6,,,,"
"2006-12-14,Columbus Blue Jackets,4,Phoenix Coyotes,5,SO,,,"
"2006-12-14,Los Angeles Kings,4,San Jose Sharks,2,,,,"
"2006-12-14,Calgary Flames,1,Vancouver Canucks,3,,,,"
"2006-12-15,Washington Capitals,3,Atlanta Thrashers,2,OT,,,"
"2006-12-15,Toronto Maple Leafs,4,Carolina Hurricanes,3,,,,"
"2006-12-15,Edmonton Oilers,1,Colorado Avalanche,4,,,,"
"2006-12-15,New York Islanders,4,Pittsburgh Penguins,7,,,,"
"2006-12-16,Florida Panthers,6,Boston Bruins,3,,,,"
"2006-12-16,Ottawa Senators,3,Buffalo Sabres,1,,,,"
"2006-12-16,Chicago Blackhawks,6,Columbus Blue Jackets,4,,,,"
"2006-12-16,Dallas Stars,4,Los Angeles Kings,3,SO,,,"
"2006-12-16,Pittsburgh Penguins,3,Montreal Canadiens,6,,,,"
"2006-12-16,Detroit Red Wings,2,New Jersey Devils,1,,,,"
"2006-12-16,St. Louis Blues,2,Nashville Predators,3,SO,,,"
"2006-12-16,Atlanta Thrashers,0,New York Islanders,6,,,,"
"2006-12-16,Calgary Flames,6,Phoenix Coyotes,3,,,,"
"2006-12-16,Anaheim Ducks,3,San Jose Sharks,4,,,,"
"2006-12-16,Carolina Hurricanes,3,Tampa Bay Lightning,2,,,,"
"2006-12-16,New York Rangers,2,Toronto Maple Leafs,9,,,,"
"2006-12-16,Minnesota Wild,1,Vancouver Canucks,2,,,,"
"2006-12-16,Philadelphia Flyers,1,Washington Capitals,4,,,,"
"2006-12-17,Colorado Avalanche,1,Chicago Blackhawks,2,,,,"
"2006-12-17,New Jersey Devils,6,New York Rangers,1,,,,"
"2006-12-17,Nashville Predators,2,St. Louis Blues,1,OT,,,"
"2006-12-18,Calgary Flames,1,Anaheim Ducks,4,,,,"
"2006-12-18,Detroit Red Wings,3,Columbus Blue Jackets,4,,,,"
"2006-12-19,Montreal Canadiens,5,Buffalo Sabres,2,,,,"
"2006-12-19,Colorado Avalanche,7,Edmonton Oilers,6,,,,"
"2006-12-19,Calgary Flames,5,Los Angeles Kings,3,,,,"
"2006-12-19,Vancouver Canucks,2,Minnesota Wild,5,,,,"
"2006-12-19,Atlanta Thrashers,4,New Jersey Devils,3,SO,,,"
"2006-12-19,New York Islanders,4,New York Rangers,3,,,,"
"2006-12-19,Boston Bruins,7,Ottawa Senators,2,,,,"
"2006-12-19,Carolina Hurricanes,2,Philadelphia Flyers,1,,,,"
"2006-12-19,St. Louis Blues,4,Pittsburgh Penguins,1,,,,"
"2006-12-19,Florida Panthers,7,Toronto Maple Leafs,3,,,,"
"2006-12-19,Tampa Bay Lightning,5,Washington Capitals,4,,,,"
"2006-12-20,Dallas Stars,1,Anaheim Ducks,4,,,,"
"2006-12-20,Nashville Predators,2,Chicago Blackhawks,1,,,,"
"2006-12-20,Columbus Blue Jackets,0,Detroit Red Wings,5,,,,"
"2006-12-21,Pittsburgh Penguins,3,Atlanta Thrashers,4,SO,,,"
"2006-12-21,Vancouver Canucks,0,Boston Bruins,2,,,,"
"2006-12-21,New York Rangers,2,Florida Panthers,3,,,,"
"2006-12-21,Philadelphia Flyers,2,Montreal Canadiens,4,,,,"
"2006-12-21,Buffalo Sabres,7,Nashville Predators,2,,,,"
"2006-12-21,Tampa Bay Lightning,4,Ottawa Senators,2,,,,"
"2006-12-21,Edmonton Oilers,3,Phoenix Coyotes,2,,,,"
"2006-12-21,Dallas Stars,3,San Jose Sharks,0,,,,"
"2006-12-21,Los Angeles Kings,2,St. Louis Blues,5,,,,"
"2006-12-22,New York Islanders,1,Carolina Hurricanes,5,,,,"
"2006-12-22,Vancouver Canucks,2,Columbus Blue Jackets,3,,,,"
"2006-12-22,Toronto Maple Leafs,1,Chicago Blackhawks,3,,,,"
"2006-12-22,Minnesota Wild,1,Detroit Red Wings,3,,,,"
"2006-12-22,New Jersey Devils,4,Washington Capitals,1,,,,"
"2006-12-23,New Jersey Devils,2,Atlanta Thrashers,5,,,,"
"2006-12-23,Montreal Canadiens,2,Boston Bruins,4,,,,"
"2006-12-23,Chicago Blackhawks,2,Colorado Avalanche,3,,,,"
"2006-12-23,Edmonton Oilers,2,Dallas Stars,3,,,,"
"2006-12-23,Carolina Hurricanes,3,Florida Panthers,2,OT,,,"
"2006-12-23,Detroit Red Wings,2,Minnesota Wild,3,OT,,,"
"2006-12-23,Los Angeles Kings,0,Nashville Predators,7,,,,"
"2006-12-23,Columbus Blue Jackets,0,New York Islanders,4,,,,"
"2006-12-23,Ottawa Senators,6,Philadelphia Flyers,3,,,,"
"2006-12-23,Anaheim Ducks,0,Phoenix Coyotes,2,,,,"
"2006-12-23,Calgary Flames,1,San Jose Sharks,4,,,,"
"2006-12-23,Buffalo Sabres,2,St. Louis Blues,3,OT,,,"
"2006-12-23,New York Rangers,3,Tampa Bay Lightning,4,,,,"
"2006-12-23,Washington Capitals,3,Toronto Maple Leafs,2,,,,"
"2006-12-26,Tampa Bay Lightning,1,Atlanta Thrashers,2,,,,"
"2006-12-26,Washington Capitals,3,Buffalo Sabres,6,,,,"
"2006-12-26,Florida Panthers,2,Carolina Hurricanes,4,,,,"
"2006-12-26,Boston Bruins,4,Columbus Blue Jackets,5,OT,,,"
"2006-12-26,Vancouver Canucks,3,Calgary Flames,1,,,,"
"2006-12-26,Dallas Stars,1,Chicago Blackhawks,2,,,,"
"2006-12-26,Phoenix Coyotes,3,Los Angeles Kings,4,SO,,,"
"2006-12-26,Pittsburgh Penguins,0,New Jersey Devils,3,,,,"
"2006-12-26,St. Louis Blues,2,Nashville Predators,3,SO,,,"
"2006-12-26,New York Rangers,0,New York Islanders,2,,,,"
"2006-12-26,Anaheim Ducks,4,San Jose Sharks,3,,,,"
"2006-12-26,Minnesota Wild,3,Toronto Maple Leafs,4,,,,"
"2006-12-27,Dallas Stars,5,Colorado Avalanche,4,,,,"
"2006-12-27,Minnesota Wild,1,Detroit Red Wings,3,,,,"
"2006-12-27,Philadelphia Flyers,1,Florida Panthers,3,,,,"
"2006-12-27,New York Islanders,0,Ottawa Senators,2,,,,"
"2006-12-27,Atlanta Thrashers,4,Pittsburgh Penguins,2,,,,"
"2006-12-27,Calgary Flames,5,Vancouver Canucks,6,OT,,,"
"2006-12-27,Montreal Canadiens,4,Washington Capitals,1,,,,"
"2006-12-28,Carolina Hurricanes,1,Buffalo Sabres,4,,,,"
"2006-12-28,Detroit Red Wings,7,Columbus Blue Jackets,4,,,,"
"2006-12-28,Los Angeles Kings,7,Edmonton Oilers,4,,,,"
"2006-12-28,Phoenix Coyotes,3,San Jose Sharks,2,,,,"
"2006-12-28,Philadelphia Flyers,4,Tampa Bay Lightning,3,,,,"
"2006-12-29,Anaheim Ducks,2,Carolina Hurricanes,4,,,,"
"2006-12-29,Los Angeles Kings,4,Calgary Flames,6,,,,"
"2006-12-29,Boston Bruins,5,Chicago Blackhawks,3,,,,"
"2006-12-29,St. Louis Blues,4,Colorado Avalanche,2,,,,"
"2006-12-29,Nashville Predators,1,Dallas Stars,4,,,,"
"2006-12-29,Montreal Canadiens,1,Florida Panthers,3,,,,"
"2006-12-29,Columbus Blue Jackets,3,Minnesota Wild,4,OT,,,"
"2006-12-29,Washington Capitals,3,New Jersey Devils,4,,,,"
"2006-12-29,New York Rangers,0,Ottawa Senators,1,,,,"
"2006-12-29,Toronto Maple Leafs,1,Pittsburgh Penguins,4,,,,"
"2006-12-30,Atlanta Thrashers,1,Buffalo Sabres,4,,,,"
"2006-12-30,Vancouver Canucks,6,Edmonton Oilers,2,,,,"
"2006-12-30,Boston Bruins,0,Nashville Predators,5,,,,"
"2006-12-30,New Jersey Devils,2,New York Islanders,0,,,,"
"2006-12-30,Washington Capitals,1,New York Rangers,4,,,,"
"2006-12-30,San Jose Sharks,0,Phoenix Coyotes,8,,,,"
"2006-12-30,Colorado Avalanche,0,St. Louis Blues,2,,,,"
"2006-12-30,Montreal Canadiens,1,Tampa Bay Lightning,3,,,,"
"2006-12-30,Ottawa Senators,3,Toronto Maple Leafs,2,OT,,,"
"2006-12-31,Philadelphia Flyers,5,Carolina Hurricanes,2,,,,"
"2006-12-31,Chicago Blackhawks,1,Columbus Blue Jackets,3,,,,"
"2006-12-31,Edmonton Oilers,2,Calgary Flames,4,,,,"
"2006-12-31,San Jose Sharks,4,Dallas Stars,2,,,,"
"2006-12-31,Los Angeles Kings,2,Detroit Red Wings,6,,,,"
"2006-12-31,Anaheim Ducks,3,Minnesota Wild,4,,,,"
"2007-01-01,New York Islanders,1,Buffalo Sabres,3,,,,"
"2007-01-01,Colorado Avalanche,5,Nashville Predators,3,,,,"
"2007-01-01,Atlanta Thrashers,3,Ottawa Senators,2,OT,,,"
"2007-01-01,Boston Bruins,1,Toronto Maple Leafs,5,,,,"
"2007-01-01,Phoenix Coyotes,3,Washington Capitals,2,,,,"
"2007-01-02,Vancouver Canucks,3,Calgary Flames,2,,,,"
"2007-01-02,Anaheim Ducks,1,Detroit Red Wings,2,,,,"
"2007-01-02,Florida Panthers,1,Edmonton Oilers,4,,,,"
"2007-01-02,Atlanta Thrashers,1,Minnesota Wild,5,,,,"
"2007-01-02,Tampa Bay Lightning,2,Montreal Canadiens,5,,,,"
"2007-01-02,New York Rangers,3,New Jersey Devils,2,SO,,,"
"2007-01-02,Philadelphia Flyers,3,New York Islanders,2,,,,"
"2007-01-02,Carolina Hurricanes,0,Pittsburgh Penguins,3,,,,"
"2007-01-02,Chicago Blackhawks,4,St. Louis Blues,1,,,,"
"2007-01-03,Columbus Blue Jackets,0,Los Angeles Kings,3,,,,"
"2007-01-03,Buffalo Sabres,3,Ottawa Senators,6,,,,"
"2007-01-03,Dallas Stars,1,Vancouver Canucks,2,SO,,,"
"2007-01-04,Toronto Maple Leafs,10,Boston Bruins,2,,,,"
"2007-01-04,Phoenix Coyotes,2,Carolina Hurricanes,0,,,,"
"2007-01-04,Florida Panthers,4,Calgary Flames,5,OT,,,"
"2007-01-04,Dallas Stars,6,Edmonton Oilers,5,SO,,,"
"2007-01-04,Tampa Bay Lightning,3,Minnesota Wild,2,,,,"
"2007-01-04,New York Islanders,3,New Jersey Devils,4,,,,"
"2007-01-04,Philadelphia Flyers,2,New York Rangers,3,,,,"
"2007-01-04,Detroit Red Wings,4,San Jose Sharks,9,,,,"
"2007-01-04,Chicago Blackhawks,0,St. Louis Blues,2,,,,"
"2007-01-04,Montreal Canadiens,1,Washington Capitals,5,,,,"
"2007-01-05,Columbus Blue Jackets,4,Anaheim Ducks,3,,,,"
"2007-01-05,Phoenix Coyotes,5,Atlanta Thrashers,4,OT,,,"
"2007-01-05,Pittsburgh Penguins,4,Buffalo Sabres,2,,,,"
"2007-01-05,Nashville Predators,8,Chicago Blackhawks,3,,,,"
"2007-01-05,Tampa Bay Lightning,2,Colorado Avalanche,4,,,,"
"2007-01-05,Edmonton Oilers,2,Vancouver Canucks,3,OT,,,"
"2007-01-06,Philadelphia Flyers,3,Boston Bruins,4,,,,"
"2007-01-06,New York Islanders,2,Carolina Hurricanes,4,,,,"
"2007-01-06,Dallas Stars,2,Calgary Flames,4,,,,"
"2007-01-06,Detroit Red Wings,2,Los Angeles Kings,4,,,,"
"2007-01-06,Colorado Avalanche,2,Minnesota Wild,1,SO,,,"
"2007-01-06,New York Rangers,4,Montreal Canadiens,3,,,,"
"2007-01-06,St. Louis Blues,2,Nashville Predators,3,,,,"
"2007-01-06,New Jersey Devils,3,Ottawa Senators,2,,,,"
"2007-01-06,Columbus Blue Jackets,2,San Jose Sharks,5,,,,"
"2007-01-06,Buffalo Sabres,4,Toronto Maple Leafs,3,,,,"
"2007-01-06,Atlanta Thrashers,2,Washington Capitals,3,OT,,,"
"2007-01-07,Detroit Red Wings,2,Anaheim Ducks,4,,,,"
"2007-01-07,Phoenix Coyotes,4,Chicago Blackhawks,2,,,,"
"2007-01-07,New Jersey Devils,3,Montreal Canadiens,0,,,,"
"2007-01-07,Philadelphia Flyers,1,Ottawa Senators,6,,,,"
"2007-01-07,Tampa Bay Lightning,3,Pittsburgh Penguins,2,SO,,,"
"2007-01-07,Florida Panthers,3,Vancouver Canucks,4,SO,,,"
"2007-01-08,Edmonton Oilers,2,Los Angeles Kings,1,OT,,,"
"2007-01-09,St. Louis Blues,4,Columbus Blue Jackets,3,SO,,,"
"2007-01-09,Minnesota Wild,0,Calgary Flames,3,,,,"
"2007-01-09,Detroit Red Wings,4,Colorado Avalanche,3,SO,,,"
"2007-01-09,Phoenix Coyotes,5,Dallas Stars,2,,,,"
"2007-01-09,Atlanta Thrashers,2,Montreal Canadiens,4,,,,"
"2007-01-09,Anaheim Ducks,4,Nashville Predators,5,OT,,,"
"2007-01-09,New York Islanders,5,New York Rangers,3,,,,"
"2007-01-09,Boston Bruins,2,Ottawa Senators,5,,,,"
"2007-01-09,Pittsburgh Penguins,2,Tampa Bay Lightning,3,,,,"
"2007-01-09,Carolina Hurricanes,4,Toronto Maple Leafs,1,,,,"
"2007-01-09,Philadelphia Flyers,2,Washington Capitals,6,,,,"
"2007-01-10,Buffalo Sabres,2,Chicago Blackhawks,1,,,,"
"2007-01-10,Pittsburgh Penguins,2,Florida Panthers,5,,,,"
"2007-01-10,St. Louis Blues,3,New Jersey Devils,2,,,,"
"2007-01-10,Edmonton Oilers,3,San Jose Sharks,2,,,,"
"2007-01-11,New York Islanders,5,Boston Bruins,4,SO,,,"
"2007-01-11,Toronto Maple Leafs,4,Buffalo Sabres,2,,,,"
"2007-01-11,Florida Panthers,4,Carolina Hurricanes,6,,,,"
"2007-01-11,Calgary Flames,7,Colorado Avalanche,3,,,,"
"2007-01-11,Anaheim Ducks,5,Dallas Stars,1,,,,"
"2007-01-11,San Jose Sharks,5,Los Angeles Kings,2,,,,"
"2007-01-11,Ottawa Senators,6,New York Rangers,4,,,,"
"2007-01-11,Montreal Canadiens,4,Philadelphia Flyers,2,,,,"
"2007-01-11,Detroit Red Wings,5,Phoenix Coyotes,1,,,,"
"2007-01-11,Washington Capitals,4,Tampa Bay Lightning,5,,,,"
"2007-01-11,Minnesota Wild,5,Vancouver Canucks,2,,,,"
"2007-01-12,Minnesota Wild,4,Edmonton Oilers,2,,,,"
"2007-01-12,Atlanta Thrashers,1,New Jersey Devils,2,,,,"
"2007-01-12,Columbus Blue Jackets,0,Nashville Predators,2,,,,"
"2007-01-13,Colorado Avalanche,3,Anaheim Ducks,2,SO,,,"
"2007-01-13,Tampa Bay Lightning,3,Buffalo Sabres,2,,,,"
"2007-01-13,Atlanta Thrashers,4,Carolina Hurricanes,3,SO,,,"
"2007-01-13,Nashville Predators,4,Columbus Blue Jackets,1,,,,"
"2007-01-13,Edmonton Oilers,1,Calgary Flames,3,,,,"
"2007-01-13,Chicago Blackhawks,3,Detroit Red Wings,6,,,,"
"2007-01-13,Washington Capitals,3,Florida Panthers,7,,,,"
"2007-01-13,New Jersey Devils,2,New York Islanders,1,OT,,,"
"2007-01-13,Boston Bruins,1,New York Rangers,3,,,,"
"2007-01-13,Montreal Canadiens,3,Ottawa Senators,8,,,,"
"2007-01-13,Pittsburgh Penguins,5,Philadelphia Flyers,3,,,,"
"2007-01-13,San Jose Sharks,4,Phoenix Coyotes,1,,,,"
"2007-01-13,Los Angeles Kings,5,St. Louis Blues,6,,,,"
"2007-01-13,Vancouver Canucks,6,Toronto Maple Leafs,1,,,,"
"2007-01-14,Minnesota Wild,4,Chicago Blackhawks,3,SO,,,"
"2007-01-15,Buffalo Sabres,2,Boston Bruins,3,SO,,,"
"2007-01-15,Los Angeles Kings,1,Dallas Stars,3,,,,"
"2007-01-15,Montreal Canadiens,0,Detroit Red Wings,2,,,,"
"2007-01-15,Calgary Flames,3,Nashville Predators,5,,,,"
"2007-01-15,Tampa Bay Lightning,4,New York Islanders,3,,,,"
"2007-01-15,St. Louis Blues,4,Phoenix Coyotes,5,SO,,,"
"2007-01-15,Colorado Avalanche,1,San Jose Sharks,3,,,,"
"2007-01-16,St. Louis Blues,6,Anaheim Ducks,2,,,,"
"2007-01-16,Los Angeles Kings,2,Atlanta Thrashers,6,,,,"
"2007-01-16,Columbus Blue Jackets,5,Chicago Blackhawks,4,OT,,,"
"2007-01-16,Carolina Hurricanes,3,Florida Panthers,2,OT,,,"
"2007-01-16,Edmonton Oilers,2,Minnesota Wild,1,,,,"
"2007-01-16,Vancouver Canucks,4,Montreal Canadiens,0,,,,"
"2007-01-16,New York Rangers,0,New Jersey Devils,1,,,,"
"2007-01-16,Washington Capitals,2,Ottawa Senators,5,,,,"
"2007-01-16,New York Islanders,2,Pittsburgh Penguins,5,,,,"
"2007-01-16,Toronto Maple Leafs,4,Tampa Bay Lightning,2,,,,"
"2007-01-17,Boston Bruins,3,Buffalo Sabres,6,,,,"
"2007-01-17,Phoenix Coyotes,3,Colorado Avalanche,4,,,,"
"2007-01-17,Calgary Flames,2,Dallas Stars,4,,,,"
"2007-01-17,Nashville Predators,3,Detroit Red Wings,5,,,,"
"2007-01-18,Montreal Canadiens,4,Atlanta Thrashers,1,,,,"
"2007-01-18,Pittsburgh Penguins,4,Boston Bruins,5,SO,,,"
"2007-01-18,Washington Capitals,5,Carolina Hurricanes,2,,,,"
"2007-01-18,Anaheim Ducks,1,Edmonton Oilers,4,,,,"
"2007-01-18,Toronto Maple Leafs,3,Florida Panthers,2,,,,"
"2007-01-18,St. Louis Blues,3,Los Angeles Kings,1,,,,"
"2007-01-18,Tampa Bay Lightning,3,New Jersey Devils,2,SO,,,"
"2007-01-18,Columbus Blue Jackets,0,Nashville Predators,4,,,,"
"2007-01-18,Vancouver Canucks,2,Ottawa Senators,1,,,,"
"2007-01-18,New York Islanders,4,Philadelphia Flyers,2,,,,"
"2007-01-18,Phoenix Coyotes,2,San Jose Sharks,5,,,,"
"2007-01-19,Vancouver Canucks,3,Buffalo Sabres,4,SO,,,"
"2007-01-19,Detroit Red Wings,1,Columbus Blue Jackets,3,,,,"
"2007-01-19,Anaheim Ducks,2,Calgary Flames,3,,,,"
"2007-01-19,Minnesota Wild,3,Chicago Blackhawks,0,,,,"
"2007-01-20,Ottawa Senators,3,Boston Bruins,0,,,,"
"2007-01-20,Tampa Bay Lightning,6,Carolina Hurricanes,5,SO,,,"
"2007-01-20,Detroit Red Wings,1,Colorado Avalanche,3,,,,"
"2007-01-20,Calgary Flames,4,Edmonton Oilers,0,,,,"
"2007-01-20,Phoenix Coyotes,3,Los Angeles Kings,2,,,,"
"2007-01-20,Dallas Stars,2,Minnesota Wild,1,SO,,,"
"2007-01-20,Buffalo Sabres,3,Montreal Canadiens,4,,,,"
"2007-01-20,Philadelphia Flyers,3,New Jersey Devils,4,SO,,,"
"2007-01-20,Chicago Blackhawks,3,Nashville Predators,6,,,,"
"2007-01-20,Atlanta Thrashers,3,New York Rangers,1,,,,"
"2007-01-20,Toronto Maple Leafs,2,Pittsburgh Penguins,8,,,,"
"2007-01-20,St. Louis Blues,1,San Jose Sharks,0,,,,"
"2007-01-20,Florida Panthers,4,Washington Capitals,1,,,,"
"2007-01-26,New York Islanders,4,Atlanta Thrashers,5,OT,,,"
"2007-01-26,Washington Capitals,2,Carolina Hurricanes,6,,,,"
"2007-01-26,Buffalo Sabres,2,Columbus Blue Jackets,3,,,,"
"2007-01-26,Nashville Predators,3,Chicago Blackhawks,1,,,,"
"2007-01-26,Phoenix Coyotes,5,Colorado Avalanche,4,SO,,,"
"2007-01-26,Pittsburgh Penguins,4,Dallas Stars,3,SO,,,"
"2007-01-26,San Jose Sharks,5,Edmonton Oilers,1,,,,"
"2007-01-26,Calgary Flames,1,Minnesota Wild,2,SO,,,"
"2007-01-26,Detroit Red Wings,1,St. Louis Blues,2,OT,,,"
"2007-01-26,New Jersey Devils,2,Tampa Bay Lightning,0,,,,"
"2007-01-26,Los Angeles Kings,3,Vancouver Canucks,2,OT,,,"
"2007-01-27,Minnesota Wild,2,Columbus Blue Jackets,3,,,,"
"2007-01-27,Los Angeles Kings,3,Edmonton Oilers,4,,,,"
"2007-01-27,New Jersey Devils,2,Florida Panthers,4,,,,"
"2007-01-27,Buffalo Sabres,3,New York Islanders,5,,,,"
"2007-01-27,Boston Bruins,1,Ottawa Senators,3,,,,"
"2007-01-27,New York Rangers,2,Philadelphia Flyers,1,,,,"
"2007-01-27,Pittsburgh Penguins,7,Phoenix Coyotes,2,,,,"
"2007-01-27,Nashville Predators,6,St. Louis Blues,3,,,,"
"2007-01-27,Montreal Canadiens,1,Toronto Maple Leafs,4,,,,"
"2007-01-27,Carolina Hurricanes,3,Washington Capitals,7,,,,"
"2007-01-28,Dallas Stars,1,Anaheim Ducks,4,,,,"
"2007-01-28,Philadelphia Flyers,2,Atlanta Thrashers,1,,,,"
"2007-01-28,Calgary Flames,3,Chicago Blackhawks,4,OT,,,"
"2007-01-28,Colorado Avalanche,1,Detroit Red Wings,3,,,,"
"2007-01-28,San Jose Sharks,1,Vancouver Canucks,3,,,,"
"2007-01-29,New York Rangers,6,Boston Bruins,1,,,,"
"2007-01-29,Ottawa Senators,1,Montreal Canadiens,3,,,,"
"2007-01-30,New Jersey Devils,4,Atlanta Thrashers,5,SO,,,"
"2007-01-30,Boston Bruins,1,Buffalo Sabres,7,,,,"
"2007-01-30,Toronto Maple Leafs,4,Carolina Hurricanes,1,,,,"
"2007-01-30,Los Angeles Kings,1,Calgary Flames,4,,,,"
"2007-01-30,Nashville Predators,3,Colorado Avalanche,4,,,,"
"2007-01-30,Detroit Red Wings,4,New York Islanders,3,OT,,,"
"2007-01-30,Washington Capitals,2,Ottawa Senators,3,,,,"
"2007-01-30,Tampa Bay Lightning,4,Philadelphia Flyers,3,SO,,,"
"2007-01-30,Florida Panthers,0,Pittsburgh Penguins,3,,,,"
"2007-01-30,Dallas Stars,3,San Jose Sharks,2,SO,,,"
"2007-01-30,Minnesota Wild,5,St. Louis Blues,2,,,,"
"2007-01-30,Columbus Blue Jackets,3,Vancouver Canucks,2,SO,,,"
"2007-01-31,Phoenix Coyotes,1,Anaheim Ducks,2,,,,"
"2007-01-31,Columbus Blue Jackets,2,Edmonton Oilers,5,,,,"
"2007-01-31,Toronto Maple Leafs,2,New York Rangers,1,,,,"
"2007-02-01,New York Islanders,5,Atlanta Thrashers,2,,,,"
"2007-02-01,Buffalo Sabres,3,Boston Bruins,1,,,,"
"2007-02-01,Tampa Bay Lightning,4,Carolina Hurricanes,0,,,,"
"2007-02-01,Minnesota Wild,5,Colorado Avalanche,3,,,,"
"2007-02-01,Washington Capitals,3,Florida Panthers,6,,,,"
"2007-02-01,Chicago Blackhawks,3,Los Angeles Kings,2,OT,,,"
"2007-02-01,New Jersey Devils,6,Philadelphia Flyers,5,OT,,,"
"2007-02-01,Nashville Predators,2,Phoenix Coyotes,3,,,,"
"2007-02-01,Montreal Canadiens,4,Pittsburgh Penguins,5,SO,,,"
"2007-02-01,Dallas Stars,4,San Jose Sharks,2,,,,"
"2007-02-01,Edmonton Oilers,3,Vancouver Canucks,5,,,,"
"2007-02-02,Columbus Blue Jackets,2,Calgary Flames,6,,,,"
"2007-02-02,St. Louis Blues,3,Detroit Red Wings,5,,,,"
"2007-02-03,Philadelphia Flyers,5,Atlanta Thrashers,2,,,,"
"2007-02-03,Boston Bruins,4,Carolina Hurricanes,3,OT,,,"
"2007-02-03,Vancouver Canucks,3,Calgary Flames,4,,,,"
"2007-02-03,Edmonton Oilers,3,Colorado Avalanche,2,,,,"
"2007-02-03,Los Angeles Kings,7,Florida Panthers,0,,,,"
"2007-02-03,New York Islanders,4,Montreal Canadiens,2,,,,"
"2007-02-03,Buffalo Sabres,2,New Jersey Devils,3,,,,"
"2007-02-03,Anaheim Ducks,0,Nashville Predators,3,,,,"
"2007-02-03,Toronto Maple Leafs,3,Ottawa Senators,2,SO,,,"
"2007-02-03,Minnesota Wild,1,Phoenix Coyotes,0,,,,"
"2007-02-03,Washington Capitals,0,Pittsburgh Penguins,2,,,,"
"2007-02-03,Chicago Blackhawks,2,San Jose Sharks,4,,,,"
"2007-02-03,Dallas Stars,0,St. Louis Blues,2,,,,"
"2007-02-03,New York Rangers,2,Tampa Bay Lightning,3,,,,"
"2007-02-04,Pittsburgh Penguins,3,Montreal Canadiens,4,OT,,,"
"2007-02-04,New York Islanders,1,Washington Capitals,2,SO,,,"
"2007-02-05,Detroit Red Wings,4,New York Rangers,3,,,,"
"2007-02-06,Buffalo Sabres,4,Atlanta Thrashers,3,SO,,,"
"2007-02-06,Phoenix Coyotes,3,Columbus Blue Jackets,0,,,,"
"2007-02-06,Chicago Blackhawks,3,Calgary Flames,2,SO,,,"
"2007-02-06,Florida Panthers,4,Colorado Avalanche,5,OT,,,"
"2007-02-06,Minnesota Wild,2,Dallas Stars,4,,,,"
"2007-02-06,Vancouver Canucks,5,Edmonton Oilers,2,,,,"
"2007-02-06,Carolina Hurricanes,2,Montreal Canadiens,1,,,,"
"2007-02-06,New York Rangers,2,New Jersey Devils,3,SO,,,"
"2007-02-06,Nashville Predators,1,Pittsburgh Penguins,4,,,,"
"2007-02-06,Anaheim Ducks,7,San Jose Sharks,4,,,,"
"2007-02-06,Toronto Maple Leafs,2,St. Louis Blues,1,,,,"
"2007-02-06,Los Angeles Kings,2,Tampa Bay Lightning,3,SO,,,"
"2007-02-06,Boston Bruins,3,Washington Capitals,2,SO,,,"
"2007-02-07,San Jose Sharks,3,Anaheim Ducks,2,,,,"
"2007-02-07,Ottawa Senators,2,Buffalo Sabres,3,,,,"
"2007-02-07,Phoenix Coyotes,2,Detroit Red Wings,4,,,,"
"2007-02-07,Philadelphia Flyers,0,New York Islanders,2,,,,"
"2007-02-07,Chicago Blackhawks,3,Vancouver Canucks,0,,,,"
"2007-02-08,Carolina Hurricanes,5,Boston Bruins,2,,,,"
"2007-02-08,Calgary Flames,1,Columbus Blue Jackets,2,,,,"
"2007-02-08,Atlanta Thrashers,6,Colorado Avalanche,3,,,,"
"2007-02-08,Florida Panthers,2,Minnesota Wild,4,,,,"
"2007-02-08,New York Islanders,0,New Jersey Devils,2,,,,"
"2007-02-08,Toronto Maple Leafs,2,Nashville Predators,4,,,,"
"2007-02-08,Montreal Canadiens,1,Ottawa Senators,4,,,,"
"2007-02-08,Pittsburgh Penguins,5,Philadelphia Flyers,4,SO,,,"
"2007-02-08,Detroit Red Wings,0,St. Louis Blues,1,,,,"
"2007-02-08,Los Angeles Kings,3,Washington Capitals,4,OT,,,"
"2007-02-09,Chicago Blackhawks,1,Edmonton Oilers,2,,,,"
"2007-02-09,Tampa Bay Lightning,0,New York Rangers,5,,,,"
"2007-02-10,New York Islanders,3,Boston Bruins,4,SO,,,"
"2007-02-10,Calgary Flames,2,Buffalo Sabres,3,SO,,,"
"2007-02-10,Anaheim Ducks,0,Dallas Stars,1,,,,"
"2007-02-10,Phoenix Coyotes,2,Florida Panthers,5,,,,"
"2007-02-10,Carolina Hurricanes,4,Minnesota Wild,5,,,,"
"2007-02-10,Ottawa Senators,5,Montreal Canadiens,3,,,,"
"2007-02-10,Los Angeles Kings,4,Nashville Predators,1,,,,"
"2007-02-10,St. Louis Blues,3,Philadelphia Flyers,4,OT,,,"
"2007-02-10,Pittsburgh Penguins,6,Toronto Maple Leafs,5,OT,,,"
"2007-02-10,Atlanta Thrashers,2,Vancouver Canucks,3,,,,"
"2007-02-10,New York Rangers,5,Washington Capitals,2,,,,"
"2007-02-11,Chicago Blackhawks,5,Columbus Blue Jackets,4,,,,"
"2007-02-11,Colorado Avalanche,5,Dallas Stars,7,,,,"
"2007-02-11,Calgary Flames,4,Detroit Red Wings,7,,,,"
"2007-02-11,Atlanta Thrashers,1,Edmonton Oilers,5,,,,"
"2007-02-11,Tampa Bay Lightning,4,New Jersey Devils,1,,,,"
"2007-02-12,Detroit Red Wings,1,Philadelphia Flyers,6,,,,"
"2007-02-13,Edmonton Oilers,0,Boston Bruins,3,,,,"
"2007-02-13,Los Angeles Kings,1,Carolina Hurricanes,2,,,,"
"2007-02-13,Atlanta Thrashers,1,Calgary Flames,4,,,,"
"2007-02-13,Anaheim Ducks,0,Colorado Avalanche,2,,,,"
"2007-02-13,Florida Panthers,1,Montreal Canadiens,0,,,,"
"2007-02-13,San Jose Sharks,6,St. Louis Blues,5,,,,"
"2007-02-13,Phoenix Coyotes,3,Tampa Bay Lightning,5,,,,"
"2007-02-13,New York Islanders,3,Toronto Maple Leafs,2,SO,,,"
"2007-02-14,St. Louis Blues,4,Columbus Blue Jackets,2,,,,"
"2007-02-14,Detroit Red Wings,3,Dallas Stars,1,,,,"
"2007-02-14,Vancouver Canucks,3,Minnesota Wild,2,OT,,,"
"2007-02-14,Montreal Canadiens,2,New Jersey Devils,5,,,,"
"2007-02-14,San Jose Sharks,0,Nashville Predators,5,,,,"
"2007-02-14,Florida Panthers,0,Ottawa Senators,4,,,,"
"2007-02-14,Chicago Blackhawks,4,Pittsburgh Penguins,5,SO,,,"
"2007-02-15,Edmonton Oilers,1,Buffalo Sabres,2,OT,,,"
"2007-02-15,New York Rangers,4,Carolina Hurricanes,1,,,,"
"2007-02-15,Colorado Avalanche,7,Calgary Flames,5,,,,"
"2007-02-15,Boston Bruins,1,New York Islanders,4,,,,"
"2007-02-15,Toronto Maple Leafs,4,Philadelphia Flyers,2,,,,"
"2007-02-15,Anaheim Ducks,5,Phoenix Coyotes,4,OT,,,"
"2007-02-15,Washington Capitals,2,Tampa Bay Lightning,3,SO,,,"
"2007-02-16,San Jose Sharks,0,Columbus Blue Jackets,3,,,,"
"2007-02-16,Vancouver Canucks,2,Chicago Blackhawks,1,SO,,,"
"2007-02-16,Pittsburgh Penguins,5,New Jersey Devils,4,,,,"
"2007-02-16,Nashville Predators,0,St. Louis Blues,1,,,,"
"2007-02-17,Boston Bruins,4,Buffalo Sabres,3,SO,,,"
"2007-02-17,Colorado Avalanche,2,Calgary Flames,5,,,,"
"2007-02-17,Tampa Bay Lightning,4,Florida Panthers,5,OT,,,"
"2007-02-17,Anaheim Ducks,3,Los Angeles Kings,2,SO,,,"
"2007-02-17,Carolina Hurricanes,5,Montreal Canadiens,3,,,,"
"2007-02-17,Minnesota Wild,4,Nashville Predators,1,,,,"
"2007-02-17,New Jersey Devils,2,New York Islanders,0,,,,"
"2007-02-17,Philadelphia Flyers,5,New York Rangers,3,,,,"
"2007-02-17,Atlanta Thrashers,3,Ottawa Senators,5,,,,"
"2007-02-17,Detroit Red Wings,4,Phoenix Coyotes,1,,,,"
"2007-02-17,Edmonton Oilers,3,Toronto Maple Leafs,4,,,,"
"2007-02-18,Los Angeles Kings,4,Anaheim Ducks,3,SO,,,"
"2007-02-18,Montreal Canadiens,3,Columbus Blue Jackets,2,,,,"
"2007-02-18,San Jose Sharks,2,Dallas Stars,5,,,,"
"2007-02-18,Chicago Blackhawks,1,New York Rangers,2,,,,"
"2007-02-18,Washington Capitals,2,Pittsburgh Penguins,3,,,,"
"2007-02-18,Minnesota Wild,3,St. Louis Blues,5,,,,"
"2007-02-18,Colorado Avalanche,4,Vancouver Canucks,5,,,,"
"2007-02-19,Phoenix Coyotes,1,Nashville Predators,4,,,,"
"2007-02-19,Pittsburgh Penguins,5,New York Islanders,6,,,,"
"2007-02-19,Boston Bruins,6,Philadelphia Flyers,3,,,,"
"2007-02-20,Vancouver Canucks,3,Anaheim Ducks,2,OT,,,"
"2007-02-20,Philadelphia Flyers,3,Buffalo Sabres,6,,,,"
"2007-02-20,Atlanta Thrashers,3,Carolina Hurricanes,1,,,,"
"2007-02-20,Calgary Flames,3,Colorado Avalanche,4,,,,"
"2007-02-20,Dallas Stars,1,Minnesota Wild,2,SO,,,"
"2007-02-20,Washington Capitals,3,Montreal Canadiens,5,,,,"
"2007-02-20,New York Rangers,1,New Jersey Devils,2,,,,"
"2007-02-20,Edmonton Oilers,3,Ottawa Senators,4,SO,,,"
"2007-02-20,Columbus Blue Jackets,4,St. Louis Blues,5,SO,,,"
"2007-02-20,Florida Panthers,2,Tampa Bay Lightning,3,SO,,,"
"2007-02-20,Boston Bruins,3,Toronto Maple Leafs,0,,,,"
"2007-02-21,Chicago Blackhawks,2,Detroit Red Wings,4,,,,"
"2007-02-21,San Jose Sharks,3,Washington Capitals,2,SO,,,"
"2007-02-22,Tampa Bay Lightning,5,Atlanta Thrashers,4,OT,,,"
"2007-02-22,Ottawa Senators,5,Buffalo Sabres,6,SO,,,"
"2007-02-22,Philadelphia Flyers,2,Carolina Hurricanes,3,OT,,,"
"2007-02-22,Edmonton Oilers,4,Columbus Blue Jackets,0,,,,"
"2007-02-22,San Jose Sharks,2,Chicago Blackhawks,0,,,,"
"2007-02-22,Minnesota Wild,4,Colorado Avalanche,3,,,,"
"2007-02-22,Pittsburgh Penguins,2,Florida Panthers,1,OT,,,"
"2007-02-22,Vancouver Canucks,3,Los Angeles Kings,2,,,,"
"2007-02-22,Montreal Canadiens,6,Nashville Predators,5,SO,,,"
"2007-02-22,Toronto Maple Leafs,2,New York Islanders,3,SO,,,"
"2007-02-22,New Jersey Devils,3,New York Rangers,2,SO,,,"
"2007-02-22,Calgary Flames,2,Phoenix Coyotes,3,OT,,,"
"2007-02-23,Anaheim Ducks,1,Dallas Stars,4,,,,"
"2007-02-23,Edmonton Oilers,4,Detroit Red Wings,3,SO,,,"
"2007-02-23,Boston Bruins,6,Tampa Bay Lightning,2,,,,"
"2007-02-24,Carolina Hurricanes,4,Atlanta Thrashers,1,,,,"
"2007-02-24,San Jose Sharks,4,Calgary Flames,7,,,,"
"2007-02-24,Boston Bruins,2,Florida Panthers,7,,,,"
"2007-02-24,Colorado Avalanche,5,Los Angeles Kings,6,SO,,,"
"2007-02-24,Washington Capitals,4,New Jersey Devils,2,,,,"
"2007-02-24,Detroit Red Wings,3,Nashville Predators,4,OT,,,"
"2007-02-24,Montreal Canadiens,2,New York Islanders,3,,,,"
"2007-02-24,Columbus Blue Jackets,3,New York Rangers,2,,,,"
"2007-02-24,Buffalo Sabres,5,Ottawa Senators,6,,,,"
"2007-02-24,Toronto Maple Leafs,5,Philadelphia Flyers,2,,,,"
"2007-02-25,Colorado Avalanche,3,Anaheim Ducks,5,,,,"
"2007-02-25,Nashville Predators,4,Columbus Blue Jackets,3,SO,,,"
"2007-02-25,St. Louis Blues,1,Chicago Blackhawks,5,,,,"
"2007-02-25,Vancouver Canucks,1,Dallas Stars,2,OT,,,"
"2007-02-25,Edmonton Oilers,1,Minnesota Wild,4,,,,"
"2007-02-25,Pittsburgh Penguins,1,Tampa Bay Lightning,5,,,,"
"2007-02-25,New Jersey Devils,3,Washington Capitals,2,,,,"
"2007-02-26,Atlanta Thrashers,3,Boston Bruins,2,,,,"
"2007-02-26,Phoenix Coyotes,2,Calgary Flames,5,,,,"
"2007-02-26,Toronto Maple Leafs,4,Montreal Canadiens,5,,,,"
"2007-02-26,Anaheim Ducks,3,San Jose Sharks,2,,,,"
"2007-02-27,Ottawa Senators,4,Carolina Hurricanes,2,,,,"
"2007-02-27,Detroit Red Wings,4,Chicago Blackhawks,1,,,,"
"2007-02-27,Columbus Blue Jackets,2,Colorado Avalanche,3,,,,"
"2007-02-27,Phoenix Coyotes,3,Edmonton Oilers,0,,,,"
"2007-02-27,Philadelphia Flyers,5,New York Islanders,6,OT,,,"
"2007-02-27,Montreal Canadiens,0,New York Rangers,4,,,,"
"2007-02-27,New Jersey Devils,1,Pittsburgh Penguins,0,,,,"
"2007-02-27,Vancouver Canucks,1,St. Louis Blues,3,,,,"
"2007-02-27,Dallas Stars,2,Tampa Bay Lightning,1,OT,,,"
"2007-02-27,Buffalo Sabres,6,Toronto Maple Leafs,1,,,,"
"2007-02-27,Florida Panthers,6,Washington Capitals,5,SO,,,"
"2007-02-28,Minnesota Wild,1,Calgary Flames,2,SO,,,"
"2007-02-28,Carolina Hurricanes,0,Ottawa Senators,2,,,,"
"2007-02-28,Nashville Predators,4,San Jose Sharks,3,SO,,,"
"2007-03-01,Philadelphia Flyers,4,Boston Bruins,3,OT,,,"
"2007-03-01,Colorado Avalanche,6,Chicago Blackhawks,1,,,,"
"2007-03-01,Minnesota Wild,5,Edmonton Oilers,0,,,,"
"2007-03-01,Dallas Stars,1,Florida Panthers,2,OT,,,"
"2007-03-01,Anaheim Ducks,3,Los Angeles Kings,4,OT,,,"
"2007-03-01,St. Louis Blues,3,New York Islanders,2,OT,,,"
"2007-03-01,Pittsburgh Penguins,4,New York Rangers,3,SO,,,"
"2007-03-01,Phoenix Coyotes,3,Vancouver Canucks,4,,,,"
"2007-03-01,Tampa Bay Lightning,5,Washington Capitals,4,SO,,,"
"2007-03-02,San Jose Sharks,1,Anaheim Ducks,3,,,,"
"2007-03-02,Ottawa Senators,2,Atlanta Thrashers,4,,,,"
"2007-03-02,Montreal Canadiens,5,Buffalo Sabres,8,,,,"
"2007-03-02,Pittsburgh Penguins,2,Carolina Hurricanes,3,,,,"
"2007-03-02,Columbus Blue Jackets,3,Dallas Stars,2,SO,,,"
"2007-03-02,Chicago Blackhawks,2,Detroit Red Wings,6,,,,"
"2007-03-02,Toronto Maple Leafs,4,New Jersey Devils,3,SO,,,"
"2007-03-03,Montreal Canadiens,1,Boston Bruins,3,,,,"
"2007-03-03,Calgary Flames,4,Edmonton Oilers,2,,,,"
"2007-03-03,Tampa Bay Lightning,2,Florida Panthers,6,,,,"
"2007-03-03,Nashville Predators,6,Los Angeles Kings,3,,,,"
"2007-03-03,St. Louis Blues,2,New York Rangers,3,SO,,,"
"2007-03-03,Columbus Blue Jackets,4,Phoenix Coyotes,3,,,,"
"2007-03-03,Buffalo Sabres,3,Toronto Maple Leafs,1,,,,"
"2007-03-03,New York Islanders,6,Washington Capitals,2,,,,"
"2007-03-04,Nashville Predators,2,Anaheim Ducks,3,SO,,,"
"2007-03-04,Carolina Hurricanes,1,Atlanta Thrashers,3,,,,"
"2007-03-04,Ottawa Senators,3,Chicago Blackhawks,4,SO,,,"
"2007-03-04,San Jose Sharks,4,Dallas Stars,0,,,,"
"2007-03-04,Colorado Avalanche,4,Detroit Red Wings,3,OT,,,"
"2007-03-04,Boston Bruins,4,New Jersey Devils,1,,,,"
"2007-03-04,Philadelphia Flyers,3,Pittsburgh Penguins,4,SO,,,"
"2007-03-04,Minnesota Wild,3,Vancouver Canucks,4,SO,,,"
"2007-03-05,New York Islanders,1,New York Rangers,2,SO,,,"
"2007-03-06,Florida Panthers,2,Atlanta Thrashers,4,,,,"
"2007-03-06,Colorado Avalanche,2,Boston Bruins,0,,,,"
"2007-03-06,Los Angeles Kings,0,Chicago Blackhawks,3,,,,"
"2007-03-06,Nashville Predators,3,Detroit Red Wings,4,SO,,,"
"2007-03-06,San Jose Sharks,3,Minnesota Wild,0,,,,"
"2007-03-06,Pittsburgh Penguins,5,Ottawa Senators,4,SO,,,"
"2007-03-06,New Jersey Devils,4,Philadelphia Flyers,5,OT,,,"
"2007-03-06,Calgary Flames,4,St. Louis Blues,2,,,,"
"2007-03-06,Washington Capitals,0,Toronto Maple Leafs,3,,,,"
"2007-03-06,Tampa Bay Lightning,1,Vancouver Canucks,5,,,,"
"2007-03-07,Phoenix Coyotes,1,Anaheim Ducks,2,,,,"
"2007-03-07,Colorado Avalanche,3,Buffalo Sabres,2,,,,"
"2007-03-07,Los Angeles Kings,2,Columbus Blue Jackets,3,OT,,,"
"2007-03-07,Tampa Bay Lightning,3,Edmonton Oilers,1,,,,"
"2007-03-08,Montreal Canadiens,2,Atlanta Thrashers,6,,,,"
"2007-03-08,Minnesota Wild,2,Boston Bruins,1,,,,"
"2007-03-08,Calgary Flames,3,Nashville Predators,6,,,,"
"2007-03-08,New York Rangers,2,New York Islanders,1,,,,"
"2007-03-08,Toronto Maple Leafs,1,Ottawa Senators,5,,,,"
"2007-03-08,Florida Panthers,2,Philadelphia Flyers,1,,,,"
"2007-03-08,Vancouver Canucks,4,Phoenix Coyotes,2,,,,"
"2007-03-08,New Jersey Devils,4,Pittsburgh Penguins,3,SO,,,"
"2007-03-08,Dallas Stars,3,St. Louis Blues,5,,,,"
"2007-03-09,Edmonton Oilers,1,Anaheim Ducks,5,,,,"
"2007-03-09,Minnesota Wild,5,Buffalo Sabres,1,,,,"
"2007-03-09,Dallas Stars,3,Columbus Blue Jackets,0,,,,"
"2007-03-09,Los Angeles Kings,2,Detroit Red Wings,3,OT,,,"
"2007-03-09,Vancouver Canucks,2,San Jose Sharks,1,OT,,,"
"2007-03-09,Carolina Hurricanes,3,Washington Capitals,0,,,,"
"2007-03-10,New Jersey Devils,3,Buffalo Sabres,2,,,,"
"2007-03-10,Tampa Bay Lightning,3,Calgary Flames,2,OT,,,"
"2007-03-10,Atlanta Thrashers,2,Florida Panthers,3,,,,"
"2007-03-10,Columbus Blue Jackets,1,Nashville Predators,2,,,,"
"2007-03-10,Washington Capitals,2,New York Islanders,5,,,,"
"2007-03-10,Boston Bruins,1,Philadelphia Flyers,4,,,,"
"2007-03-10,Chicago Blackhawks,7,Phoenix Coyotes,5,,,,"
"2007-03-10,New York Rangers,2,Pittsburgh Penguins,3,OT,,,"
"2007-03-10,Montreal Canadiens,4,St. Louis Blues,3,,,,"
"2007-03-10,Ottawa Senators,3,Toronto Maple Leafs,4,OT,,,"
"2007-03-11,Vancouver Canucks,2,Anaheim Ducks,4,,,,"
"2007-03-11,Los Angeles Kings,3,Dallas Stars,4,OT,,,"
"2007-03-11,Boston Bruins,6,Detroit Red Wings,3,,,,"
"2007-03-11,Colorado Avalanche,2,Minnesota Wild,3,OT,,,"
"2007-03-11,Carolina Hurricanes,1,New York Rangers,2,SO,,,"
"2007-03-11,Edmonton Oilers,0,San Jose Sharks,3,,,,"
"2007-03-12,Washington Capitals,2,Atlanta Thrashers,4,,,,"
"2007-03-12,St. Louis Blues,4,Calgary Flames,5,SO,,,"
"2007-03-12,Edmonton Oilers,1,Los Angeles Kings,5,,,,"
"2007-03-12,Philadelphia Flyers,0,Phoenix Coyotes,4,,,,"
"2007-03-13,Florida Panthers,1,Carolina Hurricanes,3,,,,"
"2007-03-13,Philadelphia Flyers,2,Dallas Stars,3,,,,"
"2007-03-13,New York Islanders,3,Montreal Canadiens,5,,,,"
"2007-03-13,Detroit Red Wings,5,Nashville Predators,2,,,,"
"2007-03-13,Ottawa Senators,3,New York Rangers,2,,,,"
"2007-03-13,Buffalo Sabres,4,Pittsburgh Penguins,5,SO,,,"
"2007-03-13,Chicago Blackhawks,1,San Jose Sharks,7,,,,"
"2007-03-13,Tampa Bay Lightning,2,Toronto Maple Leafs,3,,,,"
"2007-03-13,Minnesota Wild,3,Vancouver Canucks,2,OT,,,"
"2007-03-14,Columbus Blue Jackets,5,Anaheim Ducks,4,SO,,,"
"2007-03-14,Calgary Flames,2,Colorado Avalanche,3,,,,"
"2007-03-14,Nashville Predators,2,Detroit Red Wings,4,,,,"
"2007-03-14,Pittsburgh Penguins,3,New Jersey Devils,0,,,,"
"2007-03-15,Washington Capitals,3,Boston Bruins,4,SO,,,"
"2007-03-15,New Jersey Devils,3,Carolina Hurricanes,2,,,,"
"2007-03-15,Calgary Flames,2,Dallas Stars,4,,,,"
"2007-03-15,Minnesota Wild,2,Edmonton Oilers,1,,,,"
"2007-03-15,Buffalo Sabres,5,Florida Panthers,3,,,,"
"2007-03-15,Chicago Blackhawks,4,Los Angeles Kings,3,SO,,,"
"2007-03-15,New York Islanders,2,Ottawa Senators,5,,,,"
"2007-03-15,Atlanta Thrashers,2,Philadelphia Flyers,3,,,,"
"2007-03-15,San Jose Sharks,5,Phoenix Coyotes,1,,,,"
"2007-03-15,St. Louis Blues,2,Vancouver Canucks,3,OT,,,"
"2007-03-16,Chicago Blackhawks,2,Anaheim Ducks,5,,,,"
"2007-03-16,New York Rangers,1,Atlanta Thrashers,2,OT,,,"
"2007-03-16,Montreal Canadiens,3,Pittsburgh Penguins,6,,,,"
"2007-03-16,Columbus Blue Jackets,0,San Jose Sharks,3,,,,"
"2007-03-16,Buffalo Sabres,3,Tampa Bay Lightning,2,,,,"
"2007-03-16,Toronto Maple Leafs,1,Washington Capitals,5,,,,"
"2007-03-17,Minnesota Wild,4,Calgary Flames,2,,,,"
"2007-03-17,St. Louis Blues,3,Edmonton Oilers,2,OT,,,"
"2007-03-17,New York Islanders,5,Florida Panthers,8,,,,"
"2007-03-17,Columbus Blue Jackets,3,Los Angeles Kings,5,,,,"
"2007-03-17,Toronto Maple Leafs,2,Montreal Canadiens,3,SO,,,"
"2007-03-17,Carolina Hurricanes,7,New Jersey Devils,2,,,,"
"2007-03-17,Dallas Stars,2,Nashville Predators,3,,,,"
"2007-03-17,Boston Bruins,0,New York Rangers,7,,,,"
"2007-03-17,Philadelphia Flyers,2,Ottawa Senators,3,,,,"
"2007-03-17,Colorado Avalanche,6,Phoenix Coyotes,3,,,,"
"2007-03-17,Detroit Red Wings,1,Vancouver Canucks,4,,,,"
"2007-03-18,Los Angeles Kings,5,Anaheim Ducks,3,,,,"
"2007-03-18,Buffalo Sabres,3,Atlanta Thrashers,4,OT,,,"
"2007-03-18,San Jose Sharks,3,Colorado Avalanche,4,OT,,,"
"2007-03-18,Phoenix Coyotes,4,Dallas Stars,5,OT,,,"
"2007-03-18,Ottawa Senators,3,Pittsburgh Penguins,4,SO,,,"
"2007-03-18,Tampa Bay Lightning,1,Washington Capitals,7,,,,"
"2007-03-19,Vancouver Canucks,2,Edmonton Oilers,1,,,,"
"2007-03-19,Pittsburgh Penguins,1,New York Rangers,2,,,,"
"2007-03-20,Chicago Blackhawks,2,Columbus Blue Jackets,5,,,,"
"2007-03-20,Detroit Red Wings,1,Calgary Flames,2,,,,"
"2007-03-20,Phoenix Coyotes,2,Minnesota Wild,3,,,,"
"2007-03-20,Boston Bruins,0,Montreal Canadiens,1,,,,"
"2007-03-20,Florida Panthers,4,Philadelphia Flyers,1,,,,"
"2007-03-20,Ottawa Senators,4,St. Louis Blues,2,,,,"
"2007-03-20,New York Islanders,3,Tampa Bay Lightning,4,OT,,,"
"2007-03-20,New Jersey Devils,1,Toronto Maple Leafs,2,,,,"
"2007-03-21,Washington Capitals,2,Buffalo Sabres,5,,,,"
"2007-03-21,San Jose Sharks,4,Chicago Blackhawks,1,,,,"
"2007-03-21,Colorado Avalanche,5,Edmonton Oilers,1,,,,"
"2007-03-21,Dallas Stars,4,Los Angeles Kings,2,,,,"
"2007-03-21,Philadelphia Flyers,0,New York Rangers,5,,,,"
"2007-03-21,Nashville Predators,0,Vancouver Canucks,2,,,,"
"2007-03-22,San Jose Sharks,5,Atlanta Thrashers,1,,,,"
"2007-03-22,Montreal Canadiens,6,Boston Bruins,3,,,,"
"2007-03-22,Washington Capitals,3,Carolina Hurricanes,4,,,,"
"2007-03-22,Nashville Predators,2,Calgary Flames,3,OT,,,"
"2007-03-22,Columbus Blue Jackets,2,Detroit Red Wings,1,SO,,,"
"2007-03-22,Ottawa Senators,4,Florida Panthers,2,,,,"
"2007-03-22,St. Louis Blues,1,Minnesota Wild,5,,,,"
"2007-03-22,Pittsburgh Penguins,1,New York Islanders,3,,,,"
"2007-03-22,Anaheim Ducks,1,Phoenix Coyotes,2,,,,"
"2007-03-22,New Jersey Devils,1,Tampa Bay Lightning,3,,,,"
"2007-03-23,Dallas Stars,2,Anaheim Ducks,3,OT,,,"
"2007-03-23,Toronto Maple Leafs,4,Buffalo Sabres,5,,,,"
"2007-03-23,Los Angeles Kings,2,Chicago Blackhawks,1,,,,"
"2007-03-23,Colorado Avalanche,3,Edmonton Oilers,4,SO,,,"
"2007-03-24,New York Rangers,2,Boston Bruins,1,SO,,,"
"2007-03-24,San Jose Sharks,4,Carolina Hurricanes,6,,,,"
"2007-03-24,St. Louis Blues,3,Detroit Red Wings,2,SO,,,"
"2007-03-24,Nashville Predators,4,Edmonton Oilers,0,,,,"
"2007-03-24,New Jersey Devils,4,Florida Panthers,3,SO,,,"
"2007-03-24,Los Angeles Kings,1,Minnesota Wild,4,,,,"
"2007-03-24,Washington Capitals,1,Montreal Canadiens,4,,,,"
"2007-03-24,New York Islanders,4,Philadelphia Flyers,3,,,,"
"2007-03-24,Dallas Stars,4,Phoenix Coyotes,3,SO,,,"
"2007-03-24,Atlanta Thrashers,1,Pittsburgh Penguins,2,,,,"
"2007-03-24,Ottawa Senators,7,Tampa Bay Lightning,2,,,,"
"2007-03-24,Buffalo Sabres,1,Toronto Maple Leafs,4,,,,"
"2007-03-25,St. Louis Blues,1,Columbus Blue Jackets,4,,,,"
"2007-03-25,Calgary Flames,3,Chicago Blackhawks,2,,,,"
"2007-03-25,New York Rangers,2,New York Islanders,1,OT,,,"
"2007-03-25,Boston Bruins,0,Pittsburgh Penguins,5,,,,"
"2007-03-25,Colorado Avalanche,5,Vancouver Canucks,4,SO,,,"
"2007-03-26,Anaheim Ducks,0,Detroit Red Wings,1,,,,"
"2007-03-27,Vancouver Canucks,3,Colorado Avalanche,0,,,,"
"2007-03-27,Phoenix Coyotes,0,Dallas Stars,6,,,,"
"2007-03-27,Calgary Flames,1,Minnesota Wild,0,SO,,,"
"2007-03-27,New York Rangers,4,Montreal Canadiens,6,,,,"
"2007-03-27,Edmonton Oilers,3,Nashville Predators,4,,,,"
"2007-03-27,New Jersey Devils,3,New York Islanders,2,,,,"
"2007-03-27,Boston Bruins,3,Ottawa Senators,2,,,,"
"2007-03-27,Los Angeles Kings,1,San Jose Sharks,3,,,,"
"2007-03-27,Columbus Blue Jackets,4,St. Louis Blues,1,,,,"
"2007-03-27,Florida Panthers,5,Tampa Bay Lightning,2,,,,"
"2007-03-27,Carolina Hurricanes,1,Toronto Maple Leafs,6,,,,"
"2007-03-27,Pittsburgh Penguins,4,Washington Capitals,3,,,,"
"2007-03-28,New Jersey Devils,3,Buffalo Sabres,4,,,,"
"2007-03-28,Anaheim Ducks,3,Chicago Blackhawks,1,,,,"
"2007-03-28,Atlanta Thrashers,2,Florida Panthers,3,SO,,,"
"2007-03-28,Carolina Hurricanes,1,Philadelphia Flyers,5,,,,"
"2007-03-29,Toronto Maple Leafs,2,Atlanta Thrashers,3,OT,,,"
"2007-03-29,Pittsburgh Penguins,4,Boston Bruins,2,,,,"
"2007-03-29,Anaheim Ducks,5,Columbus Blue Jackets,2,,,,"
"2007-03-29,Vancouver Canucks,4,Los Angeles Kings,2,,,,"
"2007-03-29,Calgary Flames,4,Minnesota Wild,2,,,,"
"2007-03-29,Detroit Red Wings,2,Nashville Predators,1,,,,"
"2007-03-29,Colorado Avalanche,4,Phoenix Coyotes,3,,,,"
"2007-03-29,Edmonton Oilers,2,St. Louis Blues,5,,,,"
"2007-03-30,New York Islanders,4,Buffalo Sabres,6,,,,"
"2007-03-30,Tampa Bay Lightning,4,Carolina Hurricanes,2,,,,"
"2007-03-30,Columbus Blue Jackets,1,Chicago Blackhawks,3,,,,"
"2007-03-30,Dallas Stars,4,Detroit Red Wings,3,SO,,,"
"2007-03-30,Washington Capitals,2,Florida Panthers,3,OT,,,"
"2007-03-30,Philadelphia Flyers,1,New Jersey Devils,3,,,,"
"2007-03-30,Montreal Canadiens,2,Ottawa Senators,5,,,,"
"2007-03-30,Phoenix Coyotes,2,San Jose Sharks,4,,,,"
"2007-03-31,Atlanta Thrashers,3,Boston Bruins,2,,,,"
"2007-03-31,Minnesota Wild,1,Colorado Avalanche,2,,,,"
"2007-03-31,Buffalo Sabres,3,Montreal Canadiens,4,,,,"
"2007-03-31,Dallas Stars,4,Nashville Predators,2,,,,"
"2007-03-31,Ottawa Senators,5,New York Islanders,2,,,,"
"2007-03-31,New York Rangers,6,Philadelphia Flyers,4,,,,"
"2007-03-31,Anaheim Ducks,3,St. Louis Blues,2,OT,,,"
"2007-03-31,Washington Capitals,2,Tampa Bay Lightning,5,,,,"
"2007-03-31,Pittsburgh Penguins,4,Toronto Maple Leafs,5,OT,,,"
"2007-03-31,Calgary Flames,3,Vancouver Canucks,2,,,,"
"2007-04-01,Detroit Red Wings,4,Columbus Blue Jackets,1,,,,"
"2007-04-01,Edmonton Oilers,1,Chicago Blackhawks,2,,,,"
"2007-04-01,Carolina Hurricanes,4,Florida Panthers,3,OT,,,"
"2007-04-01,Boston Bruins,1,New Jersey Devils,3,,,,"
"2007-04-01,Toronto Maple Leafs,2,New York Rangers,7,,,,"
"2007-04-01,Los Angeles Kings,2,San Jose Sharks,6,,,,"
"2007-04-02,St. Louis Blues,4,Dallas Stars,2,,,,"
"2007-04-03,Colorado Avalanche,4,Calgary Flames,3,,,,"
"2007-04-03,Columbus Blue Jackets,0,Detroit Red Wings,3,,,,"
"2007-04-03,Edmonton Oilers,0,Minnesota Wild,3,,,,"
"2007-04-03,Boston Bruins,0,Montreal Canadiens,2,,,,"
"2007-04-03,Ottawa Senators,1,New Jersey Devils,2,SO,,,"
"2007-04-03,Chicago Blackhawks,3,Nashville Predators,2,SO,,,"
"2007-04-03,New York Rangers,2,New York Islanders,3,SO,,,"
"2007-04-03,St. Louis Blues,5,Phoenix Coyotes,2,,,,"
"2007-04-03,Buffalo Sabres,4,Pittsburgh Penguins,1,,,,"
"2007-04-03,Carolina Hurricanes,2,Tampa Bay Lightning,3,,,,"
"2007-04-03,Philadelphia Flyers,2,Toronto Maple Leafs,3,OT,,,"
"2007-04-03,Los Angeles Kings,2,Vancouver Canucks,4,,,,"
"2007-04-03,Florida Panthers,0,Washington Capitals,1,,,,"
"2007-04-04,San Jose Sharks,3,Anaheim Ducks,2,SO,,,"
"2007-04-04,Washington Capitals,3,Atlanta Thrashers,2,,,,"
"2007-04-05,Boston Bruins,2,Buffalo Sabres,4,,,,"
"2007-04-05,Dallas Stars,1,Columbus Blue Jackets,2,OT,,,"
"2007-04-05,Detroit Red Wings,2,Chicago Blackhawks,3,SO,,,"
"2007-04-05,Edmonton Oilers,0,Minnesota Wild,3,,,,"
"2007-04-05,St. Louis Blues,1,Nashville Predators,4,,,,"
"2007-04-05,Toronto Maple Leafs,2,New York Islanders,5,,,,"
"2007-04-05,Montreal Canadiens,1,New York Rangers,3,,,,"
"2007-04-05,Pittsburgh Penguins,3,Ottawa Senators,2,,,,"
"2007-04-05,New Jersey Devils,3,Philadelphia Flyers,2,,,,"
"2007-04-05,Los Angeles Kings,2,Phoenix Coyotes,3,,,,"
"2007-04-05,Calgary Flames,3,San Jose Sharks,4,,,,"
"2007-04-05,Colorado Avalanche,3,Vancouver Canucks,1,,,,"
"2007-04-06,Atlanta Thrashers,4,Carolina Hurricanes,1,,,,"
"2007-04-06,Anaheim Ducks,1,Dallas Stars,2,SO,,,"
"2007-04-06,Florida Panthers,7,Tampa Bay Lightning,2,,,,"
"2007-04-07,Tampa Bay Lightning,2,Atlanta Thrashers,3,SO,,,"
"2007-04-07,Ottawa Senators,6,Boston Bruins,3,,,,"
"2007-04-07,Florida Panthers,4,Carolina Hurricanes,5,OT,,,"
"2007-04-07,Anaheim Ducks,4,Columbus Blue Jackets,3,,,,"
"2007-04-07,Edmonton Oilers,3,Calgary Flames,2,,,,"
"2007-04-07,Nashville Predators,4,Colorado Avalanche,2,,,,"
"2007-04-07,Chicago Blackhawks,2,Detroit Red Wings,7,,,,"
"2007-04-07,Phoenix Coyotes,2,Los Angeles Kings,3,,,,"
"2007-04-07,St. Louis Blues,1,Minnesota Wild,5,,,,"
"2007-04-07,New York Islanders,4,Philadelphia Flyers,2,,,,"
"2007-04-07,New York Rangers,1,Pittsburgh Penguins,2,,,,"
"2007-04-07,Vancouver Canucks,4,San Jose Sharks,3,OT,,,"
"2007-04-07,Montreal Canadiens,5,Toronto Maple Leafs,6,,,,"
"2007-04-07,Buffalo Sabres,2,Washington Capitals,0,,,,"
"2007-04-08,Calgary Flames,3,Colorado Avalanche,6,,,,"
"2007-04-08,Chicago Blackhawks,2,Dallas Stars,3,,,,"
"2007-04-08,New York Islanders,3,New Jersey Devils,2,SO,,,"
"2007-04-08,Buffalo Sabres,3,Philadelphia Flyers,4,,,,"
"2007-04-08,Vancouver Canucks,1,Phoenix Coyotes,3,,,,"
